state_key,symbol,ts_et,state,trigger,stop,stop_pct,green_run,n_pull,text,data_status,recorded_at
WHLR|1791285300|5M PULLBACK|1.57,WHLR,2026-10-06T07:15:00-04:00,5M PULLBACK,1.57,1.39,11.46,0,1,"5-min pullback (1 candle): the first 5-min candle over 1.57 is the method's entry, stop 1.39 (11.5%) · E1 is untested on live orders · display only, no order",live,2026-10-06T11:20:02+00:00
JAGX|1791285600|5M PULLBACK|6.91,JAGX,2026-10-06T07:20:00-04:00,5M PULLBACK,6.91,6.43,6.95,0,1,"5-min pullback (1 candle): the first 5-min candle over 6.91 is the method's entry, stop 6.43 (7.0%) · E1 is untested on live orders · display only, no order",live,2026-10-06T11:25:02+00:00
OLOX|1791285600|5M PULLBACK|1.65,OLOX,2026-10-06T07:20:00-04:00,5M PULLBACK,1.65,1.59,3.64,0,1,"5-min pullback (1 candle): the first 5-min candle over 1.65 is the method's entry, stop 1.59 (3.6%) · E1 is untested on live orders · display only, no order",live,2026-10-06T11:25:02+00:00
WHLR|1791285600|5M PULLBACK|1.47,WHLR,2026-10-06T07:20:00-04:00,5M PULLBACK,1.47,1.39,5.44,0,2,"5-min pullback (2 candles): the first 5-min candle over 1.47 is the method's entry, stop 1.39 (5.4%) · E1 is untested on live orders · display only, no order",live,2026-10-06T11:25:02+00:00
JAGX|1791285900|5M PULLBACK|6.75,JAGX,2026-10-06T07:25:00-04:00,5M PULLBACK,6.75,6.21,8.0,0,2,"5-min pullback (2 candles): the first 5-min candle over 6.75 is the method's entry, stop 6.21 (8.0%) · E1 is untested on live orders · display only, no order",live,2026-10-06T11:30:02+00:00
WHLR|1791285900|5M PULLBACK|1.45,WHLR,2026-10-06T07:25:00-04:00,5M PULLBACK,1.45,1.39,4.14,0,3,"5-min pullback (3 candles): the first 5-min candle over 1.45 is the method's entry, stop 1.39 (4.1%) · E1 is untested on live orders · display only, no order",live,2026-10-06T11:30:02+00:00
IPDN|1791286800|5M PULLBACK|5.1,IPDN,2026-10-06T07:40:00-04:00,5M PULLBACK,5.1,4.24,16.86,0,1,"5-min pullback (1 candle): the first 5-min candle over 5.10 is the method's entry, stop 4.24 (16.9%) · E1 is untested on live orders · display only, no order",live,2026-10-06T11:45:00+00:00
IPDN|1791287100|5M PULLBACK|4.78,IPDN,2026-10-06T07:45:00-04:00,5M PULLBACK,4.78,3.96,17.15,0,2,"5-min pullback (2 candles): the first 5-min candle over 4.78 is the method's entry, stop 3.96 (17.1%) · E1 is untested on live orders · display only, no order",live,2026-10-06T11:50:00+00:00
JAGX|1791287400|5M PULLBACK|6.53,JAGX,2026-10-06T07:50:00-04:00,5M PULLBACK,6.53,6.17,5.51,0,1,"5-min pullback (1 candle): the first 5-min candle over 6.53 is the method's entry, stop 6.17 (5.5%) · E1 is untested on live orders · display only, no order",live,2026-10-06T11:55:00+00:00
IPDN|1791287400|5M PULLBACK|4.56,IPDN,2026-10-06T07:50:00-04:00,5M PULLBACK,4.56,3.96,13.16,0,3,"5-min pullback (3 candles): the first 5-min candle over 4.56 is the method's entry, stop 3.96 (13.2%) · E1 is untested on live orders · display only, no order",live,2026-10-06T11:55:00+00:00
JAGX|1791287700|5M PULLBACK|6.32,JAGX,2026-10-06T07:55:00-04:00,5M PULLBACK,6.32,6.17,2.37,0,2,"5-min pullback (2 candles): the first 5-min candle over 6.32 is the method's entry, stop 6.17 (2.4%) · E1 is untested on live orders · display only, no order",live,2026-10-06T12:00:01+00:00
NXAT|1791288300|5M PULLBACK|0.75,NXAT,2026-10-06T08:05:00-04:00,5M PULLBACK,0.75,0.71,5.33,0,1,"5-min pullback (1 candle): the first 5-min candle over 0.75 is the method's entry, stop 0.71 (5.3%) · E1 is untested on live orders · display only, no order",live,2026-10-06T12:10:02+00:00
IPDN|1791288540|EXTENDED|None,IPDN,2026-10-06T08:09:00-04:00,EXTENDED,,,,4,0,"4 green 1-min candles to a new high, no 1-min pullback — the method waits for the first 5-minute candle to make a new high · display only, no order",live,2026-10-06T12:13:00+00:00
NXAT|1791288600|5M PULLBACK|0.75,NXAT,2026-10-06T08:10:00-04:00,5M PULLBACK,0.75,0.69,8.0,0,2,"5-min pullback (2 candles): the first 5-min candle over 0.75 is the method's entry, stop 0.69 (8.0%) · E1 is untested on live orders · display only, no order",live,2026-10-06T12:15:01+00:00
IPDN|1791288900|5M PULLBACK|6.8,IPDN,2026-10-06T08:15:00-04:00,5M PULLBACK,6.8,6.22,8.53,0,1,"5-min pullback (1 candle): the first 5-min candle over 6.80 is the method's entry, stop 6.22 (8.5%) · E1 is untested on live orders · display only, no order",live,2026-10-06T12:20:01+00:00
NXAT|1791289500|5M PULLBACK|0.77,NXAT,2026-10-06T08:25:00-04:00,5M PULLBACK,0.77,0.73,5.19,0,1,"5-min pullback (1 candle): the first 5-min candle over 0.77 is the method's entry, stop 0.73 (5.2%) · E1 is untested on live orders · display only, no order",live,2026-10-06T12:30:02+00:00
WHLR|1791289500|5M PULLBACK|1.31,WHLR,2026-10-06T08:25:00-04:00,5M PULLBACK,1.31,1.27,3.05,0,1,"5-min pullback (1 candle): the first 5-min candle over 1.31 is the method's entry, stop 1.27 (3.0%) · E1 is untested on live orders · display only, no order",live,2026-10-06T12:30:02+00:00
NXAT|1791289800|5M PULLBACK|0.77,NXAT,2026-10-06T08:30:00-04:00,5M PULLBACK,0.77,0.73,5.19,0,2,"5-min pullback (2 candles): the first 5-min candle over 0.77 is the method's entry, stop 0.73 (5.2%) · E1 is untested on live orders · display only, no order",live,2026-10-06T12:35:02+00:00
WHLR|1791289800|5M PULLBACK|1.3,WHLR,2026-10-06T08:30:00-04:00,5M PULLBACK,1.3,1.24,4.62,0,2,"5-min pullback (2 candles): the first 5-min candle over 1.30 is the method's entry, stop 1.24 (4.6%) · E1 is untested on live orders · display only, no order",live,2026-10-06T12:35:02+00:00
WHLR|1791290100|5M PULLBACK|1.28,WHLR,2026-10-06T08:35:00-04:00,5M PULLBACK,1.28,1.24,3.13,0,3,"5-min pullback (3 candles): the first 5-min candle over 1.28 is the method's entry, stop 1.24 (3.1%) · E1 is untested on live orders · display only, no order",live,2026-10-06T12:40:00+00:00
JAGX|1791290700|5M PULLBACK|6.64,JAGX,2026-10-06T08:45:00-04:00,5M PULLBACK,6.64,6.41,3.46,0,1,"5-min pullback (1 candle): the first 5-min candle over 6.64 is the method's entry, stop 6.41 (3.5%) · E1 is untested on live orders · display only, no order",live,2026-10-06T12:50:00+00:00
OLOX|1791290700|5M PULLBACK|1.45,OLOX,2026-10-06T08:45:00-04:00,5M PULLBACK,1.45,1.4,3.45,0,1,"5-min pullback (1 candle): the first 5-min candle over 1.45 is the method's entry, stop 1.40 (3.5%) · E1 is untested on live orders · display only, no order",live,2026-10-06T12:50:00+00:00
JAGX|1791291000|5M PULLBACK|6.59,JAGX,2026-10-06T08:50:00-04:00,5M PULLBACK,6.59,6.41,2.73,0,2,"5-min pullback (2 candles): the first 5-min candle over 6.59 is the method's entry, stop 6.41 (2.7%) · E1 is untested on live orders · display only, no order",live,2026-10-06T12:55:00+00:00
OLOX|1791291000|5M PULLBACK|1.45,OLOX,2026-10-06T08:50:00-04:00,5M PULLBACK,1.45,1.4,3.45,0,2,"5-min pullback (2 candles): the first 5-min candle over 1.45 is the method's entry, stop 1.40 (3.5%) · E1 is untested on live orders · display only, no order",live,2026-10-06T12:55:00+00:00
NXAT|1791291000|5M PULLBACK|0.78,NXAT,2026-10-06T08:50:00-04:00,5M PULLBACK,0.78,0.75,3.85,0,1,"5-min pullback (1 candle): the first 5-min candle over 0.78 is the method's entry, stop 0.75 (3.9%) · E1 is untested on live orders · display only, no order",live,2026-10-06T12:55:00+00:00
AIXI|1791291300|5M PULLBACK|3.24,AIXI,2026-10-06T08:55:00-04:00,5M PULLBACK,3.24,3.1,4.32,0,1,"5-min pullback (1 candle): the first 5-min candle over 3.24 is the method's entry, stop 3.10 (4.3%) · E1 is untested on live orders · display only, no order",live,2026-10-06T13:00:01+00:00
OLOX|1791291300|5M PULLBACK|1.44,OLOX,2026-10-06T08:55:00-04:00,5M PULLBACK,1.44,1.4,2.78,0,3,"5-min pullback (3 candles): the first 5-min candle over 1.44 is the method's entry, stop 1.40 (2.8%) · E1 is untested on live orders · display only, no order",live,2026-10-06T13:00:01+00:00
NXAT|1791291300|5M PULLBACK|0.78,NXAT,2026-10-06T08:55:00-04:00,5M PULLBACK,0.78,0.74,5.13,0,2,"5-min pullback (2 candles): the first 5-min candle over 0.78 is the method's entry, stop 0.74 (5.1%) · E1 is untested on live orders · display only, no order",live,2026-10-06T13:00:01+00:00
IPDN|1791291900|5M PULLBACK|6.47,IPDN,2026-10-06T09:05:00-04:00,5M PULLBACK,6.47,5.97,7.73,0,1,"5-min pullback (1 candle): the first 5-min candle over 6.47 is the method's entry, stop 5.97 (7.7%) · E1 is untested on live orders · display only, no order",live,2026-10-06T13:10:00+00:00
IPDN|1791292200|5M PULLBACK|6.33,IPDN,2026-10-06T09:10:00-04:00,5M PULLBACK,6.33,5.97,5.69,0,2,"5-min pullback (2 candles): the first 5-min candle over 6.33 is the method's entry, stop 5.97 (5.7%) · E1 is untested on live orders · display only, no order",live,2026-10-06T13:15:02+00:00
NXAT|1791292500|5M PULLBACK|0.79,NXAT,2026-10-06T09:15:00-04:00,5M PULLBACK,0.79,0.76,3.8,0,1,"5-min pullback (1 candle): the first 5-min candle over 0.79 is the method's entry, stop 0.76 (3.8%) · E1 is untested on live orders · display only, no order",live,2026-10-06T13:20:01+00:00
NXAT|1791292800|5M PULLBACK|0.79,NXAT,2026-10-06T09:20:00-04:00,5M PULLBACK,0.79,0.74,6.33,0,2,"5-min pullback (2 candles): the first 5-min candle over 0.79 is the method's entry, stop 0.74 (6.3%) · E1 is untested on live orders · display only, no order",live,2026-10-06T13:25:02+00:00
IPDN|1791293100|5M PULLBACK|6.52,IPDN,2026-10-06T09:25:00-04:00,5M PULLBACK,6.52,6.09,6.6,0,1,"5-min pullback (1 candle): the first 5-min candle over 6.52 is the method's entry, stop 6.09 (6.6%) · E1 is untested on live orders · display only, no order",live,2026-10-06T13:30:01+00:00
NXAT|1791293100|5M PULLBACK|0.79,NXAT,2026-10-06T09:25:00-04:00,5M PULLBACK,0.79,0.74,6.33,0,3,"5-min pullback (3 candles): the first 5-min candle over 0.79 is the method's entry, stop 0.74 (6.3%) · E1 is untested on live orders · display only, no order",live,2026-10-06T13:30:01+00:00
WHLR|1791293100|5M PULLBACK|1.19,WHLR,2026-10-06T09:25:00-04:00,5M PULLBACK,1.19,1.15,3.36,0,1,"5-min pullback (1 candle): the first 5-min candle over 1.19 is the method's entry, stop 1.15 (3.4%) · E1 is untested on live orders · display only, no order",live,2026-10-06T13:30:01+00:00
WHLR|1791293400|5M PULLBACK|1.18,WHLR,2026-10-06T09:30:00-04:00,5M PULLBACK,1.18,1.12,5.08,0,2,"5-min pullback (2 candles): the first 5-min candle over 1.18 is the method's entry, stop 1.12 (5.1%) · E1 is untested on live orders · display only, no order",live,2026-10-06T13:35:00+00:00
WHLR|1791294600|5M PULLBACK|1.24,WHLR,2026-10-06T09:50:00-04:00,5M PULLBACK,1.24,1.16,6.45,0,1,"5-min pullback (1 candle): the first 5-min candle over 1.24 is the method's entry, stop 1.16 (6.5%) · E1 is untested on live orders · display only, no order",live,2026-10-06T13:55:02+00:00
APUS|1791295140|EXTENDED|None,APUS,2026-10-06T09:59:00-04:00,EXTENDED,,,,4,0,"4 green 1-min candles to a new high, no 1-min pullback — the method waits for the first 5-minute candle to make a new high · display only, no order",live,2026-10-06T14:03:00+00:00
AIFA|1791295560|EXTENDED|None,AIFA,2026-10-06T10:06:00-04:00,EXTENDED,,,,4,0,"4 green 1-min candles to a new high, no 1-min pullback — the method waits for the first 5-minute candle to make a new high · display only, no order",live,2026-10-06T14:10:02+00:00
AIFA|1791295800|5M PULLBACK|8.51,AIFA,2026-10-06T10:10:00-04:00,5M PULLBACK,8.51,7.75,8.93,0,1,"5-min pullback (1 candle): the first 5-min candle over 8.51 is the method's entry, stop 7.75 (8.9%) · E1 is untested on live orders · display only, no order",live,2026-10-06T14:15:00+00:00
JAGX|1791296100|5M PULLBACK|7.28,JAGX,2026-10-06T10:15:00-04:00,5M PULLBACK,7.28,6.49,10.85,0,1,"5-min pullback (1 candle): the first 5-min candle over 7.28 is the method's entry, stop 6.49 (10.8%) · E1 is untested on live orders · display only, no order",live,2026-10-06T14:20:01+00:00
AIFA|1791296100|EXTENDED|None,AIFA,2026-10-06T10:15:00-04:00,EXTENDED,,,,5,0,"5 green 1-min candles to a new high, no 1-min pullback — the method waits for the first 5-minute candle to make a new high · display only, no order",live,2026-10-06T14:20:01+00:00
JAGX|1791296400|5M PULLBACK|6.66,JAGX,2026-10-06T10:20:00-04:00,5M PULLBACK,6.66,6.3,5.41,0,2,"5-min pullback (2 candles): the first 5-min candle over 6.66 is the method's entry, stop 6.30 (5.4%) · E1 is untested on live orders · display only, no order",live,2026-10-06T14:25:02+00:00
JAGX|1791296700|5M PULLBACK|6.48,JAGX,2026-10-06T10:25:00-04:00,5M PULLBACK,6.48,6.19,4.48,0,3,"5-min pullback (3 candles): the first 5-min candle over 6.48 is the method's entry, stop 6.19 (4.5%) · E1 is untested on live orders · display only, no order",live,2026-10-06T14:30:03+00:00
OLOX|1791297000|5M PULLBACK|1.61,OLOX,2026-10-06T10:30:00-04:00,5M PULLBACK,1.61,1.47,8.7,0,1,"5-min pullback (1 candle): the first 5-min candle over 1.61 is the method's entry, stop 1.47 (8.7%) · E1 is untested on live orders · display only, no order",live,2026-10-06T14:35:02+00:00
AIFA|1791297000|EXTENDED|None,AIFA,2026-10-06T10:30:00-04:00,EXTENDED,,,,6,0,"6 green 1-min candles to a new high, no 1-min pullback — the method waits for the first 5-minute candle to make a new high · display only, no order",live,2026-10-06T14:36:00+00:00
AIFA|1791297600|5M PULLBACK|8.78,AIFA,2026-10-06T10:40:00-04:00,5M PULLBACK,8.78,8.25,6.04,0,1,"5-min pullback (1 candle): the first 5-min candle over 8.78 is the method's entry, stop 8.25 (6.0%) · E1 is untested on live orders · display only, no order",live,2026-10-06T14:45:00+00:00
AIFA|1791297900|5M PULLBACK|8.51,AIFA,2026-10-06T10:45:00-04:00,5M PULLBACK,8.51,8.21,3.53,0,2,"5-min pullback (2 candles): the first 5-min candle over 8.51 is the method's entry, stop 8.21 (3.5%) · E1 is untested on live orders · display only, no order",live,2026-10-06T14:50:03+00:00
AIXI|1791298500|5M PULLBACK|1.93,AIXI,2026-10-06T10:55:00-04:00,5M PULLBACK,1.93,1.83,5.18,0,1,"5-min pullback (1 candle): the first 5-min candle over 1.93 is the method's entry, stop 1.83 (5.2%) · E1 is untested on live orders · display only, no order",live,2026-10-06T15:00:01+00:00
IPDN|1791299100|5M PULLBACK|5.0,IPDN,2026-10-06T11:05:00-04:00,5M PULLBACK,5.0,4.62,7.6,0,1,"5-min pullback (1 candle): the first 5-min candle over 5.00 is the method's entry, stop 4.62 (7.6%) · E1 is untested on live orders · display only, no order",live,2026-10-06T15:10:02+00:00
IPDN|1791299400|5M PULLBACK|4.85,IPDN,2026-10-06T11:10:00-04:00,5M PULLBACK,4.85,4.62,4.74,0,2,"5-min pullback (2 candles): the first 5-min candle over 4.85 is the method's entry, stop 4.62 (4.7%) · E1 is untested on live orders · display only, no order",live,2026-10-06T15:15:02+00:00
AIXI|1791299400|5M PULLBACK|2.06,AIXI,2026-10-06T11:10:00-04:00,5M PULLBACK,2.06,1.81,12.14,0,1,"5-min pullback (1 candle): the first 5-min candle over 2.06 is the method's entry, stop 1.81 (12.1%) · E1 is untested on live orders · display only, no order",live,2026-10-06T15:15:02+00:00
IPDN|1791299700|5M PULLBACK|4.77,IPDN,2026-10-06T11:15:00-04:00,5M PULLBACK,4.77,4.62,3.14,0,3,"5-min pullback (3 candles): the first 5-min candle over 4.77 is the method's entry, stop 4.62 (3.1%) · E1 is untested on live orders · display only, no order",live,2026-10-06T15:20:01+00:00
OLOX|1791299700|5M PULLBACK|1.5,OLOX,2026-10-06T11:15:00-04:00,5M PULLBACK,1.5,1.43,4.67,0,1,"5-min pullback (1 candle): the first 5-min candle over 1.50 is the method's entry, stop 1.43 (4.7%) · E1 is untested on live orders · display only, no order",live,2026-10-06T15:20:01+00:00
AIXI|1791299700|5M PULLBACK|1.89,AIXI,2026-10-06T11:15:00-04:00,5M PULLBACK,1.89,1.81,4.23,0,2,"5-min pullback (2 candles): the first 5-min candle over 1.89 is the method's entry, stop 1.81 (4.2%) · E1 is untested on live orders · display only, no order",live,2026-10-06T15:20:01+00:00
IPDN|1791300000|5M PULLBACK|4.75,IPDN,2026-10-06T11:20:00-04:00,5M PULLBACK,4.75,4.47,5.89,0,4,"5-min pullback (4 candles): the first 5-min candle over 4.75 is the method's entry, stop 4.47 (5.9%) · E1 is untested on live orders · display only, no order",live,2026-10-06T15:25:00+00:00
OLOX|1791300000|5M PULLBACK|1.48,OLOX,2026-10-06T11:20:00-04:00,5M PULLBACK,1.48,1.42,4.05,0,2,"5-min pullback (2 candles): the first 5-min candle over 1.48 is the method's entry, stop 1.42 (4.0%) · E1 is untested on live orders · display only, no order",live,2026-10-06T15:25:00+00:00
