symbol,pause_id,ts_et,session,status,entry,stop,stop_pct,spread,refusals_json
JAGX,2026-10-06T11:18:40Z,2026-10-06T07:19:00-04:00,premarket,SIGNAL,7.0,6.72,4.0000000000000036,0.02,[]
IPDN,2026-10-06T11:39:00Z,2026-10-06T07:39:20-04:00,premarket,SIGNAL,5.3,4.67,11.886792452830187,0.02,[]
IPDN,2026-10-06T11:39:10Z,2026-10-06T07:39:30-04:00,premarket,SIGNAL,5.17,4.67,9.671179883945841,0.01,[]
IPDN,2026-10-06T11:58:40Z,2026-10-06T07:59:00-04:00,premarket,SIGNAL,5.53,5.09,7.95660036166366,0.06,[]
IPDN,2026-10-06T12:11:50Z,2026-10-06T08:12:20-04:00,premarket,SIGNAL,6.06,5.56,8.25082508250825,0.04,[]
IPDN,2026-10-06T12:12:40Z,2026-10-06T08:13:00-04:00,premarket,SIGNAL,6.25,5.83,6.719999999999998,0.05,[]
IPDN,2026-10-06T12:20:30Z,2026-10-06T08:21:20-04:00,premarket,SIGNAL,6.77,6.35,6.203840472673559,0.03,[]
APUS,2026-10-06T14:32:00Z,2026-10-06T10:32:20-04:00,regular,SIGNAL,7.26,6.76,6.887052341597796,0.05,[]
APUS,2026-10-06T14:32:20Z,2026-10-06T10:32:40-04:00,regular,SIGNAL,7.31,6.76,7.523939808481531,0.06,[]
AIFA,2026-10-06T14:36:00Z,2026-10-06T10:36:20-04:00,regular,SIGNAL,8.8033,8.46,3.899673985891646,0.04,[]
AIFA,2026-10-06T14:38:30Z,2026-10-06T10:39:00-04:00,regular,SIGNAL,8.89,8.57,3.5995500562429728,0.03,[]
