day,ts_et,symbol,cohort,trigger,stop,gross_r,how
2026-10-06,2026-10-06T08:01:00-04:00,IPDN,ran_past,5.28,4.83,-0.644,stop
2026-10-06,2026-10-06T09:00:00-04:00,IPDN,ran_past,6.26,6.04,-0.182,stop
2026-10-06,2026-10-06T07:15:00-04:00,WHLR,five_min_pb,1.57,1.39,,trigger not reached
2026-10-06,2026-10-06T07:20:00-04:00,JAGX,five_min_pb,6.91,6.43,,trigger not reached
2026-10-06,2026-10-06T07:20:00-04:00,OLOX,five_min_pb,1.65,1.59,-0.833,stop
2026-10-06,2026-10-06T07:20:00-04:00,WHLR,five_min_pb,1.47,1.39,,trigger not reached
2026-10-06,2026-10-06T07:25:00-04:00,JAGX,five_min_pb,6.75,6.21,,trigger not reached
2026-10-06,2026-10-06T07:25:00-04:00,WHLR,five_min_pb,1.45,1.39,,trigger not reached
2026-10-06,2026-10-06T07:40:00-04:00,IPDN,five_min_pb,5.1,4.24,,trigger not reached
2026-10-06,2026-10-06T07:45:00-04:00,IPDN,five_min_pb,4.78,3.96,,trigger not reached
2026-10-06,2026-10-06T07:50:00-04:00,JAGX,five_min_pb,6.53,6.17,,trigger not reached
2026-10-06,2026-10-06T07:50:00-04:00,IPDN,five_min_pb,4.56,3.96,0.6,stop
2026-10-06,2026-10-06T07:55:00-04:00,JAGX,five_min_pb,6.32,6.17,-0.8,stop
2026-10-06,2026-10-06T08:05:00-04:00,NXAT,five_min_pb,0.75,0.71,,trigger not reached
2026-10-06,2026-10-06T08:10:00-04:00,NXAT,five_min_pb,0.75,0.69,-0.5,stop
2026-10-06,2026-10-06T08:15:00-04:00,IPDN,five_min_pb,6.8,6.22,-0.724,stop
2026-10-06,2026-10-06T08:25:00-04:00,NXAT,five_min_pb,0.77,0.73,,trigger not reached
2026-10-06,2026-10-06T08:25:00-04:00,WHLR,five_min_pb,1.31,1.27,,trigger not reached
2026-10-06,2026-10-06T08:30:00-04:00,NXAT,five_min_pb,0.77,0.73,,trigger not reached
2026-10-06,2026-10-06T08:30:00-04:00,WHLR,five_min_pb,1.3,1.24,,trigger not reached
2026-10-06,2026-10-06T08:35:00-04:00,WHLR,five_min_pb,1.28,1.24,,trigger not reached
2026-10-06,2026-10-06T08:45:00-04:00,JAGX,five_min_pb,6.64,6.41,,trigger not reached
2026-10-06,2026-10-06T08:45:00-04:00,OLOX,five_min_pb,1.45,1.4,,trigger not reached
2026-10-06,2026-10-06T08:50:00-04:00,JAGX,five_min_pb,6.59,6.41,-1.0,stop
2026-10-06,2026-10-06T08:50:00-04:00,OLOX,five_min_pb,1.45,1.4,,trigger not reached
2026-10-06,2026-10-06T08:50:00-04:00,NXAT,five_min_pb,0.78,0.75,,trigger not reached
2026-10-06,2026-10-06T08:55:00-04:00,AIXI,five_min_pb,3.24,3.1,-0.786,stop
2026-10-06,2026-10-06T08:55:00-04:00,OLOX,five_min_pb,1.44,1.4,1.75,stop
2026-10-06,2026-10-06T08:55:00-04:00,NXAT,five_min_pb,0.78,0.74,,trigger not reached
2026-10-06,2026-10-06T09:05:00-04:00,IPDN,five_min_pb,6.47,5.97,,trigger not reached
2026-10-06,2026-10-06T09:10:00-04:00,IPDN,five_min_pb,6.33,5.97,-0.222,stop
2026-10-06,2026-10-06T09:15:00-04:00,NXAT,five_min_pb,0.79,0.76,,trigger not reached
2026-10-06,2026-10-06T09:20:00-04:00,NXAT,five_min_pb,0.79,0.74,,trigger not reached
2026-10-06,2026-10-06T09:25:00-04:00,IPDN,five_min_pb,6.52,6.09,-0.395,stop
2026-10-06,2026-10-06T09:25:00-04:00,NXAT,five_min_pb,0.79,0.74,,trigger not reached
2026-10-06,2026-10-06T09:25:00-04:00,WHLR,five_min_pb,1.19,1.15,,trigger not reached
2026-10-06,2026-10-06T09:30:00-04:00,WHLR,five_min_pb,1.18,1.12,0.0,stop
2026-10-06,2026-10-06T09:50:00-04:00,WHLR,five_min_pb,1.24,1.16,,trigger not reached
2026-10-06,2026-10-06T10:10:00-04:00,AIFA,five_min_pb,8.51,7.75,-0.447,stop
2026-10-06,2026-10-06T10:15:00-04:00,JAGX,five_min_pb,7.28,6.49,,trigger not reached
2026-10-06,2026-10-06T10:20:00-04:00,JAGX,five_min_pb,6.66,6.3,,trigger not reached
2026-10-06,2026-10-06T10:25:00-04:00,JAGX,five_min_pb,6.48,6.19,-1.0,stop
2026-10-06,2026-10-06T10:30:00-04:00,OLOX,five_min_pb,1.61,1.47,0.571,stop
2026-10-06,2026-10-06T10:40:00-04:00,AIFA,five_min_pb,8.78,8.25,,trigger not reached
2026-10-06,2026-10-06T10:45:00-04:00,AIFA,five_min_pb,8.51,8.21,,trigger not reached
2026-10-06,2026-10-06T10:55:00-04:00,AIXI,five_min_pb,1.93,1.83,1.8,stop
2026-10-06,2026-10-06T11:05:00-04:00,IPDN,five_min_pb,5.0,4.62,,trigger not reached
2026-10-06,2026-10-06T11:10:00-04:00,IPDN,five_min_pb,4.85,4.62,,trigger not reached
2026-10-06,2026-10-06T11:10:00-04:00,AIXI,five_min_pb,2.06,1.81,,trigger not reached
2026-10-06,2026-10-06T11:15:00-04:00,IPDN,five_min_pb,4.77,4.62,,trigger not reached
2026-10-06,2026-10-06T11:15:00-04:00,OLOX,five_min_pb,1.5,1.43,,trigger not reached
2026-10-06,2026-10-06T11:15:00-04:00,AIXI,five_min_pb,1.89,1.81,-0.379,flat 11:30
2026-10-06,2026-10-06T11:20:00-04:00,IPDN,five_min_pb,4.75,4.47,,trigger not reached
2026-10-06,2026-10-06T11:20:00-04:00,OLOX,five_min_pb,1.48,1.42,0.5,flat 11:30
2026-10-07,2026-10-07T06:56:00-04:00,LPCN,before_0700,2.98,2.88,0.0,stop
2026-10-07,2026-10-07T06:55:00-04:00,SDEV,five_min_pb,3.74,3.64,,trigger not reached
2026-10-07,2026-10-07T07:05:00-04:00,LPCN,five_min_pb,3.29,2.98,1.258,stop
2026-10-07,2026-10-07T07:05:00-04:00,MI,five_min_pb,1.68,1.6,,trigger not reached
2026-10-07,2026-10-07T07:10:00-04:00,MI,five_min_pb,1.65,1.58,,trigger not reached
2026-10-07,2026-10-07T07:10:00-04:00,NCPL,five_min_pb,1.39,1.31,,trigger not reached
2026-10-07,2026-10-07T07:15:00-04:00,MTEN,five_min_pb,1.31,1.24,,trigger not reached
2026-10-07,2026-10-07T07:15:00-04:00,MI,five_min_pb,1.65,1.58,,trigger not reached
2026-10-07,2026-10-07T07:15:00-04:00,NCPL,five_min_pb,1.35,1.29,,trigger not reached
2026-10-07,2026-10-07T07:20:00-04:00,MI,five_min_pb,1.61,1.58,-0.333,stop
2026-10-07,2026-10-07T07:20:00-04:00,NCPL,five_min_pb,1.35,1.29,,trigger not reached
2026-10-07,2026-10-07T07:25:00-04:00,NCPL,five_min_pb,1.33,1.29,,trigger not reached
2026-10-07,2026-10-07T07:30:00-04:00,LPCN,five_min_pb,4.0,3.64,,trigger not reached
2026-10-07,2026-10-07T07:35:00-04:00,LPCN,five_min_pb,3.81,3.53,,trigger not reached
2026-10-07,2026-10-07T07:40:00-04:00,BIYA,five_min_pb,2.52,2.43,,trigger not reached
2026-10-07,2026-10-07T07:40:00-04:00,SXTC,five_min_pb,2.01,1.93,,trigger not reached
2026-10-07,2026-10-07T07:40:00-04:00,LPCN,five_min_pb,3.72,3.51,,trigger not reached
2026-10-07,2026-10-07T07:45:00-04:00,BIYA,five_min_pb,2.47,2.38,0.444,stop
2026-10-07,2026-10-07T07:45:00-04:00,SXTC,five_min_pb,1.97,1.93,1.0,stop
2026-10-07,2026-10-07T07:45:00-04:00,LPCN,five_min_pb,3.64,3.43,-0.952,stop
2026-10-07,2026-10-07T07:55:00-04:00,MTEN,five_min_pb,1.23,1.17,,trigger not reached
2026-10-07,2026-10-07T08:00:00-04:00,MTEN,five_min_pb,1.2,1.17,-0.333,stop
2026-10-07,2026-10-07T08:05:00-04:00,BIYA,five_min_pb,2.53,2.4,,trigger not reached
2026-10-07,2026-10-07T08:10:00-04:00,NCPL,five_min_pb,1.32,1.26,,trigger not reached
2026-10-07,2026-10-07T08:20:00-04:00,SXTC,five_min_pb,3.68,2.49,,trigger not reached
2026-10-07,2026-10-07T08:20:00-04:00,MI,five_min_pb,1.89,1.47,,trigger not reached
2026-10-07,2026-10-07T08:25:00-04:00,BIYA,five_min_pb,3.51,2.71,-0.7,stop
2026-10-07,2026-10-07T08:25:00-04:00,SXTC,five_min_pb,2.98,2.32,,trigger not reached
2026-10-07,2026-10-07T08:30:00-04:00,SXTC,five_min_pb,2.58,2.16,,trigger not reached
2026-10-07,2026-10-07T08:35:00-04:00,SXTC,five_min_pb,2.48,2.16,,trigger not reached
2026-10-07,2026-10-07T08:40:00-04:00,SDEV,five_min_pb,3.34,3.29,,trigger not reached
2026-10-07,2026-10-07T08:45:00-04:00,LPCN,five_min_pb,3.01,2.75,,trigger not reached
2026-10-07,2026-10-07T08:45:00-04:00,SDEV,five_min_pb,3.31,3.28,2.333,stop
2026-10-07,2026-10-07T08:50:00-04:00,LPCN,five_min_pb,2.8,2.7,-0.599,stop
2026-10-07,2026-10-07T08:50:00-04:00,LPCN,five_min_pb,2.82,2.7,0.583,stop
2026-10-07,2026-10-07T08:55:00-04:00,MI,five_min_pb,1.91,1.65,,trigger not reached
2026-10-07,2026-10-07T09:00:00-04:00,SXTC,five_min_pb,2.4,2.24,0.563,stop
2026-10-07,2026-10-07T09:00:00-04:00,MI,five_min_pb,1.81,1.65,,trigger not reached
2026-10-07,2026-10-07T09:00:00-04:00,MTEN,five_min_pb,1.4,1.3,-0.6,stop
2026-10-07,2026-10-07T09:10:00-04:00,LGCL,five_min_pb,4.16,2.9,,trigger not reached
2026-10-07,2026-10-07T09:10:00-04:00,LPCN,five_min_pb,3.04,2.81,,trigger not reached
2026-10-07,2026-10-07T09:15:00-04:00,SXTC,five_min_pb,3.24,2.67,,trigger not reached
2026-10-07,2026-10-07T09:15:00-04:00,LGCL,five_min_pb,3.03,2.47,,trigger not reached
2026-10-07,2026-10-07T09:15:00-04:00,LPCN,five_min_pb,2.93,2.8,,trigger not reached
2026-10-07,2026-10-07T09:15:00-04:00,NCPL,five_min_pb,1.39,1.35,,trigger not reached
2026-10-07,2026-10-07T09:20:00-04:00,SXTC,five_min_pb,3.14,2.67,-0.66,stop
2026-10-07,2026-10-07T09:20:00-04:00,LGCL,five_min_pb,2.76,2.47,,trigger not reached
2026-10-07,2026-10-07T09:20:00-04:00,LPCN,five_min_pb,2.92,2.8,-0.5,stop
2026-10-07,2026-10-07T09:25:00-04:00,LGCL,five_min_pb,2.76,2.42,-0.059,stop
2026-10-07,2026-10-07T09:30:00-04:00,MI,five_min_pb,1.77,1.5,,trigger not reached
2026-10-07,2026-10-07T09:35:00-04:00,MI,five_min_pb,1.72,1.5,,trigger not reached
2026-10-07,2026-10-07T09:40:00-04:00,LGCL,five_min_pb,4.54,3.49,,trigger not reached
2026-10-07,2026-10-07T09:40:00-04:00,MI,five_min_pb,1.63,1.5,-0.462,stop
2026-10-07,2026-10-07T09:40:00-04:00,NCPL,five_min_pb,1.42,1.37,,trigger not reached
2026-10-07,2026-10-07T09:45:00-04:00,LGCL,five_min_pb,3.94,3.14,,trigger not reached
2026-10-07,2026-10-07T09:45:00-04:00,NCPL,five_min_pb,1.42,1.37,,trigger not reached
2026-10-07,2026-10-07T09:50:00-04:00,LGCL,five_min_pb,3.73,3.06,,trigger not reached
2026-10-07,2026-10-07T09:50:00-04:00,NCPL,five_min_pb,1.42,1.36,,trigger not reached
2026-10-07,2026-10-07T09:50:00-04:00,NEOG,five_min_pb,12.11,11.74,,trigger not reached
2026-10-07,2026-10-07T09:55:00-04:00,LGCL,five_min_pb,3.4,2.89,-0.529,stop
2026-10-07,2026-10-07T09:55:00-04:00,MTEN,five_min_pb,1.24,1.16,,trigger not reached
2026-10-07,2026-10-07T09:55:00-04:00,LPCN,five_min_pb,2.66,2.57,-0.333,stop
2026-10-07,2026-10-07T09:55:00-04:00,MI,five_min_pb,1.75,1.62,,trigger not reached
2026-10-07,2026-10-07T10:00:00-04:00,BIYA,five_min_pb,2.35,2.01,,trigger not reached
2026-10-07,2026-10-07T10:00:00-04:00,MTEN,five_min_pb,1.21,1.16,0.8,stop
2026-10-07,2026-10-07T10:00:00-04:00,MI,five_min_pb,1.69,1.57,,trigger not reached
2026-10-07,2026-10-07T10:05:00-04:00,SXTC,five_min_pb,2.44,2.24,,trigger not reached
2026-10-07,2026-10-07T10:05:00-04:00,BIYA,five_min_pb,2.35,2.01,,trigger not reached
2026-10-07,2026-10-07T10:05:00-04:00,MI,five_min_pb,1.65,1.57,,trigger not reached
2026-10-07,2026-10-07T10:10:00-04:00,LGCL,five_min_pb,3.65,3.14,,trigger not reached
2026-10-07,2026-10-07T10:10:00-04:00,BIYA,five_min_pb,2.24,2.01,,trigger not reached
2026-10-07,2026-10-07T10:10:00-04:00,MI,five_min_pb,1.63,1.57,,trigger not reached
2026-10-07,2026-10-07T10:15:00-04:00,LGCL,five_min_pb,3.35,3.12,,trigger not reached
2026-10-07,2026-10-07T10:15:00-04:00,BIYA,five_min_pb,2.21,2.01,,trigger not reached
2026-10-07,2026-10-07T10:20:00-04:00,LGCL,five_min_pb,3.26,3.03,,trigger not reached
2026-10-07,2026-10-07T10:25:00-04:00,LGCL,five_min_pb,3.26,3.01,-0.52,stop
2026-10-07,2026-10-07T10:25:00-04:00,NEOG,five_min_pb,11.99,11.59,,trigger not reached
2026-10-07,2026-10-07T10:30:00-04:00,NCPL,five_min_pb,1.43,1.36,,trigger not reached
2026-10-07,2026-10-07T10:30:00-04:00,NEOG,five_min_pb,11.76,11.54,,trigger not reached
2026-10-07,2026-10-07T10:35:00-04:00,NCPL,five_min_pb,1.43,1.36,-0.857,stop
2026-10-07,2026-10-07T10:35:00-04:00,NEOG,five_min_pb,11.75,11.49,,trigger not reached
2026-10-07,2026-10-07T10:40:00-04:00,NEOG,five_min_pb,11.69,11.49,,trigger not reached
2026-10-07,2026-10-07T10:45:00-04:00,MI,five_min_pb,1.58,1.5,,trigger not reached
2026-10-07,2026-10-07T10:50:00-04:00,MTEN,five_min_pb,1.12,1.07,,trigger not reached
2026-10-07,2026-10-07T10:50:00-04:00,MI,five_min_pb,1.56,1.5,,trigger not reached
2026-10-07,2026-10-07T10:50:00-04:00,NCPL,five_min_pb,1.45,1.38,,trigger not reached
2026-10-07,2026-10-07T10:55:00-04:00,BIYA,five_min_pb,2.07,1.99,,trigger not reached
2026-10-07,2026-10-07T10:55:00-04:00,MI,five_min_pb,1.55,1.5,-0.6,stop
2026-10-07,2026-10-07T10:55:00-04:00,NCPL,five_min_pb,1.42,1.38,,trigger not reached
2026-10-07,2026-10-07T10:55:00-04:00,NEOG,five_min_pb,11.81,11.62,,trigger not reached
2026-10-07,2026-10-07T11:00:00-04:00,NCPL,five_min_pb,1.41,1.38,-0.667,stop
2026-10-07,2026-10-07T11:00:00-04:00,NEOG,five_min_pb,11.75,11.58,-0.588,stop
2026-10-07,2026-10-07T11:15:00-04:00,LGCL,five_min_pb,2.67,2.49,,trigger not reached
2026-10-07,2026-10-07T11:15:00-04:00,LPCN,five_min_pb,2.3,2.21,,trigger not reached
2026-10-07,2026-10-07T11:15:00-04:00,MI,five_min_pb,1.61,1.52,,trigger not reached
2026-10-07,2026-10-07T11:20:00-04:00,LPCN,five_min_pb,2.26,2.2,,trigger not reached
2026-10-07,2026-10-07T11:20:00-04:00,MI,five_min_pb,1.57,1.52,,trigger not reached
2026-10-07,2026-10-07T11:25:00-04:00,LPCN,five_min_pb,2.25,2.16,,trigger not reached
2026-10-07,2026-10-07T11:25:00-04:00,MI,five_min_pb,1.56,1.5,,trigger not reached
