LFS,2026-05-22,09:15
SGMT,2024-10-01,08:41
OST,2025-01-02,07:07
DSY,2024-06-10,07:52
SMFL,2024-05-29,08:33
TMDE,2026-03-03,07:58
HCTI,2025-08-15,08:47
SPRC,2025-09-17,07:30
SLMT,2024-02-14,07:33
RUBI,2026-08-03,08:13
SNTG,2024-01-09,08:35
LGVN,2024-06-13,07:08
INM,2025-06-02,07:19
GOVX,2024-06-20,08:30
AUUD,2025-08-20,07:25
LHSW,2026-07-06,08:20
IMRX,2024-09-13,08:40
TURB,2026-03-18,08:08
TNYA,2024-11-04,07:44
ARBE,2025-09-22,09:19
RZLV,2024-11-26,09:08
BURU,2024-08-14,09:06
ACCL,2026-01-16,09:14
ANY,2026-06-01,09:09
BSLK,2025-07-17,07:45
TDTH,2026-07-09,08:25
REVB,2026-01-28,09:25
CLOV,2024-08-19,09:27
ALLR,2024-05-02,09:29
LVWR,2025-05-30,08:01
XOS,2025-02-20,09:24
TUP,2024-05-20,08:39
KULR,2025-01-14,08:07
PRLD,2026-07-28,07:26
BKYI,2024-09-11,08:08
INTZ,2024-12-27,07:33
LAES,2024-12-23,07:53
ELAB,2026-03-30,07:56
BNKK,2026-05-14,07:24
SWAG,2026-01-26,08:35
TOVX,2024-11-01,09:23
PGHL,2024-11-29,09:09
BETS,2024-02-08,07:43
DXST,2026-07-16,08:00
SVRA,2024-06-26,07:27
FUBO,2024-03-01,07:39
NERV,2025-10-08,07:48
OMEX,2026-04-08,07:49
AIHS,2025-09-16,07:42
ORGO,2025-11-07,09:28
LSH,2025-01-24,08:19
SMFL,2024-08-21,08:35
MULN,2025-04-11,09:14
HRTX,2025-05-06,08:00
LAES,2024-12-23,08:23
FRGT,2024-02-26,08:05
FRGT,2026-08-13,09:28
BIAF,2026-03-20,07:44
XPON,2024-10-21,07:47
GRML,2024-06-26,08:36
QBTS,2024-12-17,09:02
HCWB,2025-09-12,07:15
TERN,2024-09-09,08:50
GLUE,2025-09-15,07:42
SONN,2025-07-07,07:48
BTAI,2025-08-18,07:12
MLEC,2026-01-21,08:14
PDYN,2024-11-25,08:06
SYTA,2025-05-20,08:00
VINC,2024-03-06,09:19
GSIT,2026-01-14,08:35
TMQ,2025-10-08,07:45
IPW,2026-02-02,09:19
ENGN,2025-11-11,08:50
INDO,2026-03-02,08:14
CYN,2025-10-14,07:13
DLHC,2025-10-31,08:06
BSLK,2024-08-28,07:17
SKYQ,2026-04-28,07:19
RNAZ,2025-01-24,08:15
WINT,2024-07-26,09:15
MINM,2024-02-01,07:56
OSTX,2025-01-15,08:12
RILYN,2024-08-16,08:51
EDBL,2024-05-15,07:51
SBEV,2025-04-22,09:17
RZLV,2025-10-01,07:35
RILY,2025-02-27,08:44
ZONE,2025-09-09,08:53
KPLT,2025-12-12,08:10
DOMO,2026-03-11,08:45
LSE,2025-06-18,09:17
WHLR,2024-12-12,08:45
MINM,2024-03-01,07:37
RCAT,2024-12-16,08:09
IOTR,2026-01-22,07:47
KZIA,2025-11-19,08:34
QS,2025-09-08,08:29
EOSE,2025-07-18,07:41
SOC,2025-12-23,07:05
GAUZ,2025-07-11,08:23
ATON,2025-10-13,08:13
UPC,2026-08-03,07:14
CMAX,2024-07-26,07:07
HOUR,2025-09-08,08:29
AMC,2024-05-14,07:19
CCCC,2024-12-09,07:37
SDOT,2026-06-26,08:51
CNVS,2025-06-27,08:25
COMP,2025-01-15,07:11
ELPW,2026-08-11,07:09
FFAI,2024-08-23,08:01
FFAI,2024-09-06,08:38
BYND,2025-10-22,08:37
XAGE,2025-07-15,08:07
PONY,2025-04-25,07:14
ETHU,2024-11-21,07:11
VIVO,2024-04-03,09:13
TWG,2026-01-20,08:06
JEM,2026-07-24,09:16
NRIX,2026-06-08,07:10
QUBT,2025-11-17,08:53
PATH,2025-09-30,08:55
GPRE,2025-11-05,09:30
TERN,2025-11-04,09:02
WAVE,2026-06-25,08:21
WKEY,2024-12-24,09:23
ADTX,2025-03-20,07:33
TNON,2026-08-19,08:30
WVE,2026-01-06,08:34
PONY,2025-05-06,09:12
QUBT,2026-05-12,08:39
NAOV,2025-09-15,08:09
AIFF,2025-02-13,09:25
AGPU,2026-04-22,08:16
VNET,2025-02-20,08:27
PIXY,2024-10-17,08:42
IROH,2025-07-08,09:25
SSTK,2026-06-22,09:14
PBM,2026-04-20,08:43
SNXX,2026-07-31,07:06
ETNB,2024-03-04,08:23
LBPH,2024-01-02,08:06
CLRO,2026-08-06,08:58
CAST,2026-06-18,08:07
CLSK,2024-02-09,07:47
EWTX,2024-01-19,08:44
WVE,2026-01-06,07:48
WSHP,2026-04-22,09:29
IONL,2026-04-14,09:23
RXRX,2024-02-15,09:26
MRAM,2026-08-04,07:19
CRVO,2025-07-28,07:40
CRNC,2025-01-03,09:12
ADTX,2025-03-20,07:07
NRIX,2026-06-08,08:26
KDLY,2025-05-21,07:33
GSIT,2025-10-21,08:05
BYND,2024-02-28,08:12
ENVB,2025-12-10,07:51
QMCO,2024-12-09,08:09
TERN,2024-09-09,07:41
ETHU,2026-07-14,08:53
GRRR,2025-01-13,08:04
TURB,2025-09-18,08:42
AEVA,2026-01-06,08:06
SMU,2026-01-05,08:05
ADTX,2025-03-20,09:21
NAVN,2026-03-26,09:30
BYRN,2024-07-09,08:09
ATXS,2025-10-14,07:43
AUDC,2024-02-06,08:54
OKLO,2024-10-16,09:11
ATNF,2025-08-13,09:30
RENT,2024-04-11,07:16
PGY,2026-07-30,07:21
EHAB,2026-02-23,08:06
TNON,2026-08-19,09:04
LYT,2024-03-07,09:16
HSDT,2025-07-21,08:10
FEED,2026-01-30,09:45
RUBI,2026-08-03,11:09
MOBX,2024-12-27,10:58
IVDA,2024-11-20,09:35
STAI,2025-12-16,11:23
VSTE,2024-11-27,10:46
BYND,2025-10-21,11:12
BDRX,2024-11-21,09:52
VSEE,2024-10-21,10:56
EVGO,2024-08-01,09:36
SMST,2025-04-07,10:38
NUKK,2025-08-29,10:29
NAMM,2026-01-27,10:36
CTMX,2024-05-01,10:52
TARA,2024-04-22,09:52
STKH,2025-07-10,10:21
SXTC,2025-02-25,10:58
SNOA,2025-03-11,10:18
AMC,2024-05-13,10:52
NMHI,2025-01-14,09:41
OPRT,2024-04-23,09:38
QSG,2025-04-08,10:20
BMNG,2025-12-02,10:48
RDHL,2025-10-20,10:14
BURU,2024-08-14,11:00
TANH,2025-02-13,09:46
GOVX,2026-05-22,10:00
CPIX,2025-02-04,11:12
GDHG,2025-03-27,10:15
ATNF,2025-07-25,10:58
IOVA,2026-02-25,09:52
BIYA,2026-07-27,09:54
RKLZ,2026-05-21,11:10
RCKT,2025-10-14,09:59
AREB,2024-11-06,10:06
LAES,2024-12-23,11:11
NEUP,2026-07-23,11:01
DATS,2025-01-10,10:23
MINM,2024-01-04,10:11
AIFC,2024-08-19,09:56
AMPG,2024-12-12,10:04
AMPS,2024-11-13,09:33
FATN,2026-02-03,09:39
CRE,2026-06-16,10:21
MLGO,2025-03-11,10:00
CXAI,2024-04-01,09:38
YHC,2025-07-11,10:40
UPXI,2025-11-12,09:38
BNZI,2024-12-10,10:43
TDIC,2026-05-13,09:48
IMG,2024-07-26,09:41
NVX,2025-10-20,09:50
FATN,2026-02-03,10:42
SWIN,2025-08-11,09:38
LASE,2026-06-05,10:00
FUTG,2026-05-26,09:34
AILE,2024-08-13,11:09
ATOM,2026-02-13,09:34
SLQT,2024-10-17,09:39
CXAI,2024-08-13,10:25
EHTH,2025-05-07,10:06
NNOX,2024-02-15,09:55
PYXS,2024-02-27,11:03
RILY,2024-10-14,10:04
AGEN,2026-07-13,11:16
VVPR,2025-05-30,10:51
MNTS,2026-02-09,10:14
ZEO,2024-03-15,11:07
INNV,2026-02-04,10:13
AREB,2025-04-10,11:19
BNAI,2026-01-16,10:15
ACB,2025-12-12,09:52
DPRO,2025-07-17,09:31
LUCY,2024-08-29,10:54
XAGE,2025-07-15,10:06
DATS,2025-01-10,10:40
GBIO,2025-08-13,10:51
DWTX,2025-03-10,10:35
RDWU,2026-08-06,10:19
LAES,2025-01-02,09:42
OSTX,2025-01-15,09:53
CING,2026-03-16,10:44
GXAI,2024-03-14,10:28
MAXN,2024-10-09,09:35
OKLL,2026-04-14,10:19
PAL,2025-11-12,10:13
CMCT,2026-01-22,09:52
FIEE,2026-02-03,09:58
ACRV,2024-04-09,10:43
ISPO,2024-07-30,10:55
ANNX,2024-03-13,10:58
MULN,2025-06-02,10:59
SOXS,2026-06-05,09:42
TNON,2024-09-25,10:11
LUXE,2025-09-25,09:58
LUNR,2024-08-20,09:46
CORD,2026-05-08,10:24
EGG,2026-06-08,10:50
ZVRA,2024-08-05,10:17
JTAI,2024-12-24,10:35
SINT,2024-11-25,09:39
SMR,2024-05-28,09:47
ORGO,2025-11-07,10:01
SRM,2025-06-16,10:52
BEZ,2026-08-06,10:42
ASST,2025-07-08,10:08
SMCZ,2026-06-10,10:43
MULN,2025-06-02,09:57
MULN,2025-02-26,10:55
QS,2024-07-11,10:28
AREB,2025-04-11,10:12
VIR,2024-12-03,09:51
CODX,2026-05-26,10:24
DXF,2025-04-09,11:15
BTCS,2025-07-16,10:56
ATRA,2025-05-15,09:53
PHLT,2025-08-01,10:06
BFLY,2026-06-18,10:43
WYHG,2026-06-23,09:59
NDLS,2026-03-26,10:56
ACMR,2025-01-30,10:29
NRDS,2024-10-30,09:41
EMPD,2024-06-25,11:05
TRT,2026-05-14,10:35
GRPN,2026-04-21,10:04
AAOX,2026-08-04,10:19
TURB,2025-09-18,09:56
PAVM,2026-01-21,10:55
TIL,2025-05-22,11:19
IRS,2025-10-27,10:31
QTTB,2026-05-27,10:48
WHLR,2024-09-20,10:01
OWLT,2025-11-14,11:21
NPCE,2025-05-14,09:39
VIR,2024-06-05,10:43
TLRY,2025-12-12,11:01
RIOX,2026-01-16,09:52
TRT,2026-04-23,10:43
CIFR,2026-07-30,09:35
UPXI,2025-04-23,10:31
GRND,2025-10-24,09:45
MATV,2026-08-06,09:44
WVE,2024-10-16,10:53
UVIX,2025-10-14,09:42
CLBT,2025-11-13,09:53
ACHR,2025-06-09,11:08
ASAN,2024-12-06,09:31
SERV,2024-07-22,10:16
MSTZ,2025-04-07,09:39
SMX,2026-01-02,11:20
DJTWW,2024-10-02,09:34
CAI,2026-08-06,10:00
NUKK,2025-06-13,10:11
ALMU,2026-04-13,11:09
SERV,2024-08-06,09:38
BMR,2024-02-16,10:39
PVLA,2024-07-24,11:02
NUKK,2025-06-13,10:18
TAL,2024-09-26,09:36
TGI,2024-11-12,09:33
SERV,2026-03-11,09:34
HSAI,2025-02-06,10:15
QBTX,2026-04-15,10:27
TGTX,2024-02-28,09:40
RNGR,2025-07-29,09:38
KURA,2024-01-24,10:08
GPRE,2025-11-05,10:22
FHN,2024-11-06,09:36
TCX,2026-07-31,09:57
DESP,2024-05-17,09:50
PHUN,2024-10-28,10:39
CODX,2026-05-28,10:20
HIMX,2026-03-12,10:31
BEKE,2024-09-26,10:09
DYN,2024-01-03,09:31
GDOT,2025-08-12,10:18
APPX,2026-02-06,10:43
WSHP,2026-04-22,10:48
SMPL,2026-07-09,09:56
AEO,2025-07-24,09:38
PRPL,2022-05-11,08:33
XBIO,2021-08-12,07:40
SCKT,2020-07-29,07:33
TNXP,2022-06-01,08:58
AVCT,2021-12-22,07:44
IMMP,2021-03-25,07:35
IDEX,2021-03-09,08:46
LK,2020-05-27,07:58
CLEU,2021-09-30,09:26
ECOR,2020-07-13,08:48
GRNQ,2020-12-28,09:12
NILE,2020-11-23,08:30
CATB,2021-01-29,08:07
HMNY,2018-04-05,08:40
AIM,2020-03-30,09:04
LGMK,2017-12-21,07:15
PVLA,2021-05-26,07:02
MREO,2021-06-14,07:14
DYAI,2021-07-27,09:00
ASTC,2021-04-07,08:24
NILE,2021-11-19,08:14
PHUN,2021-03-11,08:07
NAVB,2020-05-22,08:19
KDMN,2019-11-12,07:44
SONN,2020-08-24,07:49
DOGZ,2021-02-17,08:03
XELA,2021-06-29,07:20
BNGO,2021-01-04,08:26
ADMA,2020-08-24,08:48
SCKT,2020-11-18,07:06
IFRX,2021-09-07,09:15
RIOT,2018-12-19,08:16
CRVO,2017-04-04,09:09
SDOT,2020-03-19,09:09
CFMS,2019-03-21,09:30
ICCM,2022-12-20,07:55
FWBI,2021-02-10,09:12
PLM,2022-03-08,07:17
ETRM,2017-05-03,08:27
AREC,2021-03-15,08:58
ADAM,2020-03-27,08:39
PLM,2022-03-08,08:08
TIGR,2022-08-26,09:02
FRMM,2020-12-18,08:04
ATYR,2020-04-21,08:46
FWBI,2022-09-06,07:05
RCON,2021-07-09,07:08
ZKIN,2020-12-10,08:31
GGE,2021-02-09,07:22
OLB,2022-02-02,07:52
OBSV,2021-01-15,08:55
FTR,2019-05-29,09:21
HTGM,2017-03-23,07:08
OGEN,2018-10-02,09:09
ADN,2022-06-16,08:59
MTBL,2018-09-11,08:10
KODK,2018-11-12,08:56
SDIG,2022-07-22,07:09
UROY,2021-09-13,09:28
ASTC,2018-04-04,09:27
BIMI,2020-03-02,08:13
SPRO,2022-09-22,07:16
SINT,2020-06-22,09:27
ALT,2019-03-07,07:06
ET,2020-03-19,08:35
MREO,2020-12-18,07:30
MRIN,2021-06-24,08:36
CYTO,2021-04-12,07:32
IMNN,2017-11-21,09:19
RIDE,2022-08-04,07:39
AGEN,2017-10-23,08:01
CYH,2022-07-22,08:00
AMPE,2020-12-18,09:27
VANI,2021-03-05,09:19
TMDI,2021-04-07,07:03
MOGU,2020-07-31,09:25
DRCT,2022-08-11,09:21
CNSP,2021-02-02,08:14
ATOS,2020-04-16,08:05
IGC,2021-07-22,08:12
UCL,2022-11-18,08:05
YDKG,2021-01-04,08:28
BBOX,2018-07-09,08:52
BETS,2020-08-27,09:06
CANF,2021-02-22,09:06
SSY,2021-08-20,09:01
AVP,2019-05-22,07:10
IGC,2020-08-13,09:13
KTTA,2021-12-23,08:23
CNSP,2020-12-18,07:57
BSQR,2021-06-29,08:08
XERS,2021-06-04,08:22
OPTT,2017-04-24,09:11
CNSY,2020-08-07,09:20
LEE,2020-01-29,08:36
VTVT,2021-02-04,07:34
VISL,2019-07-10,08:20
ALIM,2016-08-04,08:25
UUU,2022-02-25,08:28
SNDL,2021-02-11,08:54
CLOV,2022-05-10,09:24
TBLA,2022-11-28,07:53
DOMH,2020-03-09,08:21
BIMI,2020-10-19,08:51
AEHL,2021-06-08,09:30
TOVX,2018-10-01,08:11
MRO,2020-03-10,08:24
HTGM,2017-06-15,08:55
ORIO,2020-12-23,09:02
KXIN,2021-08-06,07:25
HEPA,2019-06-21,09:24
JE,2020-10-09,08:11
NNVC,2020-02-24,08:06
CASA,2022-04-18,08:39
SBFM,2022-04-05,08:40
JXG,2018-08-09,08:38
VALE,2020-03-10,09:23
ESPR,2022-12-07,08:22
XNET,2021-01-08,09:22
NBRV,2022-09-16,07:20
ARAV,2021-06-24,07:07
INO,2020-03-24,08:29
SOGP,2021-03-01,09:30
SKT,2020-11-06,09:27
BINI,2019-08-27,09:07
APTO,2021-03-24,08:08
SEED,2022-02-07,07:36
YJ,2020-11-25,08:17
BPTH,2021-02-10,07:41
SYRS,2022-09-19,08:41
SPOK,2021-08-31,09:29
JG,2021-02-08,07:20
UXIN,2019-02-25,08:07
SPHS,2016-07-29,08:42
OBSV,2019-12-09,07:20
VHC,2018-04-11,09:29
AKTS,2019-05-07,09:03
ONCS,2022-11-22,08:11
MNPR,2020-08-19,09:30
CEMI,2021-01-14,07:36
CAPR,2021-09-24,07:48
SQFT,2020-12-18,08:00
VTAK,2022-10-18,07:29
KONE,2018-01-31,09:28
BMRA,2021-10-01,08:03
ZIVO,2021-09-24,09:16
BWAY,2021-04-26,07:38
BTBT,2020-12-17,07:17
BBIG,2021-10-07,08:05
EXK,2021-02-01,08:43
CWH,2020-04-07,09:30
BINI,2020-06-15,08:04
MMAT,2021-06-21,07:33
SQBG,2020-07-28,08:57
SPI,2021-06-16,07:10
ACB,2020-05-15,09:11
PRQR,2016-10-27,09:28
GNCA,2019-06-03,08:00
NTEC,2021-03-15,09:17
TLRY,2020-03-27,08:48
IVVD,2022-03-30,07:07
BDTX,2022-01-11,07:50
ENTX,2021-03-12,09:10
ACHV,2018-07-11,08:26
BNBX,2021-11-05,09:07
VCNX,2021-02-22,08:40
IMG,2021-11-12,08:12
KODK,2020-09-16,08:00
BNTC,2021-03-23,08:11
SUNE,2021-03-02,07:09
CDNA,2017-10-05,08:34
ZYME,2022-04-29,07:08
VTNR,2021-05-28,09:06
AKAO,2016-12-12,08:18
CHMA,2019-07-23,07:15
BBIG,2021-09-27,08:04
UPXI,2021-07-28,08:30
SNTI,2022-10-10,07:04
CLNE,2020-11-24,07:07
AMRS,2018-03-16,08:14
NILE,2020-11-24,09:27
NNVC,2021-09-21,08:07
AEMD,2021-06-09,07:35
MBI,2017-11-08,08:43
VANI,2021-03-08,09:10
APT,2020-01-23,09:01
JILL,2021-01-25,08:19
CDE,2021-01-28,08:10
OBCI,2020-02-28,09:13
KA,2017-12-12,09:07
IMG,2021-11-12,08:57
NILE,2020-11-24,07:32
QCLS,2021-04-20,09:28
ACOR,2021-07-23,07:08
WIMI,2021-11-02,08:07
SRNE,2020-07-31,08:08
TLSA,2020-08-18,07:06
EQOS,2021-10-26,08:04
SIOX,2018-06-07,08:13
NURO,2022-01-18,09:24
MNOV,2021-06-21,07:46
AEMD,2021-09-22,07:46
ADAP,2020-01-14,09:31
UAVS,2021-01-12,09:13
GNC,2017-04-18,09:18
BINI,2018-03-08,09:23
CPSH,2021-02-03,08:34
EFC,2020-04-08,07:38
FRMM,2021-03-26,08:23
EZRA,2021-12-21,07:24
GCT,2022-11-07,08:10
SVC,2020-11-09,08:12
EUDA,2022-11-21,07:08
TOPS,2016-11-16,08:30
BMRA,2020-05-07,09:16
HPR,2020-11-19,08:46
ANVS,2020-07-07,08:56
BLU,2021-12-13,07:33
CENN,2021-12-22,09:11
AXLA,2021-07-06,07:18
LAC,2020-09-28,08:12
INDO,2022-03-02,08:11
PK,2020-11-09,07:47
MESO,2020-04-24,07:34
SNOA,2020-07-29,08:54
AU,2020-03-23,08:15
HMNY,2016-06-08,09:09
RPTX,2022-06-02,08:18
BRPM,2021-10-26,08:15
PLUR,2020-04-24,07:07
OPAD,2021-10-14,07:12
OPNT,2020-12-15,08:06
AAL,2020-03-25,08:11
TULP,2022-07-08,08:00
GDS,2022-11-01,08:27
IEC,2021-08-12,08:05
MESO,2021-02-11,07:57
ANF,2017-11-17,07:38
BBBY,2022-08-24,08:55
FOLD,2017-07-11,07:25
KZR,2022-06-28,07:36
NCTY,2021-06-04,07:55
BEEM,2020-06-30,08:45
DRYS,2016-11-18,09:09
FEIM,2021-09-28,07:20
RXDX,2017-10-18,08:13
BTTX,2021-11-01,07:43
NTEC,2021-03-15,08:06
KODK,2020-12-07,09:00
UA,2018-10-30,09:23
GYRE,2017-03-29,08:33
BNBX,2020-07-17,09:18
SAVE,2020-06-12,08:06
ISPC,2021-12-03,08:15
PSHG,2017-11-20,08:36
BINI,2020-09-24,08:42
CNVY,2022-06-21,07:05
MDVL,2021-02-09,09:28
CHRN,2020-06-26,07:39
BODI,2021-02-19,07:11
FLNA,2020-11-04,09:10
GRCL,2021-11-19,08:30
LMPX,2020-09-04,08:28
RUM,2021-12-06,07:06
LMDX,2021-10-20,09:21
FFAI,2021-07-22,08:23
OCG,2021-03-18,07:53
ADT,2020-08-03,08:44
PLXP,2021-03-01,07:34
NVAX,2020-02-27,07:24
SOGP,2021-02-04,08:13
TBLA,2021-01-25,09:21
VERU,2022-08-11,08:23
SPI,2020-11-24,08:39
CODX,2020-03-17,07:20
VIVE,2019-10-16,07:52
WIMI,2020-07-13,07:07
CRON,2018-12-07,07:57
BBBY,2022-01-06,08:44
PFNX,2020-08-11,07:23
BBBY,2019-03-26,07:08
NIKI,2020-09-29,07:15
BTTX,2021-11-04,08:09
MRM,2021-09-23,08:39
NMRD,2021-05-06,07:13
YTEN,2020-02-07,07:32
RCON,2021-06-11,09:10
AMC,2021-02-01,08:35
EVGO,2021-12-09,07:12
AEI,2021-03-05,09:21
OXY,2020-11-09,07:10
GOEV,2021-01-05,07:06
BINI,2020-08-05,08:56
EWTX,2022-01-05,08:18
MARA,2020-12-17,07:06
SCKT,2021-02-16,09:00
CUK,2020-03-24,08:50
INO,2020-03-12,09:11
AHPI,2021-08-12,09:12
CNK,2020-04-07,08:27
GDEV,2021-09-17,08:58
RKDA,2018-05-08,09:12
DM,2018-07-19,09:12
WWR,2020-10-06,09:26
INDP,2021-09-15,08:30
CERT,2022-11-07,09:02
SNAP,2022-08-31,09:28
PSHG,2017-11-20,08:17
SST,2022-04-05,07:55
SQBG,2020-11-17,08:34
HTGM,2017-03-27,09:00
PET,2022-07-29,08:18
SSP,2020-09-24,08:19
PSHG,2017-11-06,08:13
RUM,2021-12-02,08:02
ROOT,2021-06-09,07:14
NEWA,2018-08-22,09:01
AUVI,2021-03-24,09:07
LGVN,2022-01-05,08:40
IVVD,2021-12-17,09:05
BNBX,2020-07-17,08:12
TBCH,2018-10-11,08:38
INO,2020-03-09,07:02
BINI,2017-12-20,09:15
HRTX,2016-08-01,08:46
RNA,2022-12-14,08:11
BIMI,2019-10-15,08:06
BHC,2017-05-09,08:06
ONCO,2022-04-08,09:03
UAA,2020-10-30,08:56
SBSW,2020-03-23,10:12
BBIG,2021-08-27,11:13
BNGO,2020-12-31,10:53
BBIG,2021-02-23,10:53
UAVS,2020-04-30,10:28
MNOV,2021-06-21,09:52
WFT,2016-11-30,10:14
INBS,2021-07-08,10:32
ADAM,2020-03-27,10:06
GV,2022-06-23,11:07
MBAI,2016-08-05,09:46
FCEL,2020-06-12,09:42
TWO,2020-04-06,11:02
PHUN,2021-10-27,10:20
SINT,2018-05-09,09:48
SOLO,2020-08-24,10:11
OII,2020-03-25,10:11
AIM,2020-03-31,11:19
HEPA,2019-11-21,10:08
TBLT,2019-02-01,10:23
CBAY,2020-07-23,10:56
CRDF,2020-01-27,10:31
UONEK,2020-06-19,10:19
ZAIS,2017-02-14,10:48
LU,2022-11-15,09:42
AKTX,2019-04-23,09:59
TRXC,2021-02-01,10:07
TIGR,2020-07-06,09:37
CHNR,2021-02-17,11:14
SOLO,2020-07-06,10:41
MRKR,2021-03-19,10:11
OSMT,2021-06-25,11:05
BOXL,2019-03-29,11:14
UBX,2022-11-01,09:31
BRQS,2020-04-20,10:09
PHIO,2021-03-01,10:02
BCRX,2020-03-10,09:43
AIM,2020-03-02,10:05
BSIN,2020-11-24,10:26
MITO,2020-03-03,10:20
KAVL,2021-10-27,11:20
CNET,2021-01-14,10:48
GGE,2021-05-18,10:43
WPRT,2021-08-06,10:02
ELA,2020-03-10,10:47
HYMC,2022-03-29,10:15
EVK,2021-08-02,10:10
IHT,2020-11-18,10:23
DBGI,2021-09-23,11:01
ALAR,2020-04-20,10:51
ATOS,2018-06-20,09:44
ZNB,2021-03-30,11:00
SNES,2021-03-19,10:55
DMK,2021-01-22,09:42
GSAT,2016-05-16,09:48
APTO,2020-03-13,10:10
DRCT,2022-03-30,11:01
CLRO,2021-03-31,09:38
FABC,2020-05-29,10:20
OGEN,2018-03-26,09:47
DMK,2021-01-22,09:59
TLSA,2021-01-20,11:01
TA,2017-10-03,10:39
FUBO,2022-08-05,09:37
CYTO,2021-06-21,10:08
YHGJ,2020-06-24,09:57
FLNA,2020-06-03,11:07
XELB,2021-06-30,09:38
BSPM,2018-07-27,10:45
NILE,2020-10-08,10:10
IAG,2022-12-20,09:39
BAOS,2021-11-02,10:05
STAF,2022-08-04,10:27
CEQP,2020-04-02,10:44
SCKT,2020-07-29,10:08
ANY,2022-02-04,09:43
ENVB,2020-06-10,09:57
XPRO,2020-03-10,10:04
NEGG,2022-08-18,09:39
XCO,2017-06-13,09:51
PHIO,2020-11-09,10:59
NILE,2019-08-28,10:03
CEI,2021-09-30,09:49
LODE,2021-02-01,11:15
HALL,2020-06-16,11:08
DYNT,2020-02-28,10:09
NVCN,2018-10-10,10:28
UAVS,2020-04-30,10:47
MYO,2018-05-14,09:39
NURO,2022-10-10,09:41
NM,2019-03-12,09:31
UXIN,2021-06-15,10:30
TMC,2022-04-04,09:46
VRDN,2020-01-30,09:48
STGW,2019-03-15,10:31
NTGN,2019-09-06,10:40
MOTS,2021-02-18,09:49
APVO,2016-12-16,09:55
MOTS,2021-01-20,10:21
ASNA,2018-09-25,10:17
CODX,2020-01-27,10:44
MITO,2020-03-03,10:49
AYTU,2019-03-19,10:56
ADCT,2022-12-21,11:04
OPTT,2020-10-07,10:36
NEXT,2020-07-15,10:16
PDSB,2022-06-02,09:50
SPHS,2016-06-10,09:59
RDI,2020-04-17,10:08
MDVL,2020-08-05,09:57
GSM,2018-08-16,09:32
SAVE,2020-03-20,10:36
CBIO,2017-05-18,10:31
DSEY,2022-03-09,10:04
APA,2020-04-03,10:01
CRMD,2019-12-18,10:06
MBIO,2019-04-18,10:48
NNVC,2020-01-29,09:43
MPU,2021-04-01,10:42
HIND,2021-07-09,10:37
APT,2020-01-27,10:58
ACB,2020-05-15,11:18
HIND,2021-01-22,10:54
CLRB,2018-07-17,11:13
RRR,2020-04-06,10:02
NCNA,2020-03-04,11:03
KUST,2016-07-18,10:47
GEO,2021-06-09,10:46
IDT,2018-10-10,09:51
BJRI,2020-03-20,10:42
OPK,2020-07-21,10:25
APT,2020-02-24,10:34
PETZ,2017-12-22,10:42
VYGR,2021-04-26,10:10
ORGS,2021-05-06,10:09
TATT,2021-01-06,10:38
PHUN,2021-10-27,10:43
RGS,2020-04-17,09:39
GTEC,2020-12-07,09:54
ASTS,2022-03-09,10:39
LUNA,2022-11-11,09:40
BBIG,2021-08-30,10:23
GLBS,2019-03-11,10:05
VCNX,2021-02-22,09:59
WAFU,2021-02-12,10:30
IMV,2020-08-05,10:15
CRNT,2021-01-19,09:48
RIOT,2018-07-24,09:36
VTAK,2020-12-21,11:06
SPI,2021-07-12,11:08
HLIT,2016-09-28,09:38
AXSM,2019-01-08,09:50
OCUL,2020-10-07,10:00
AIIO,2022-11-21,10:02
GOL,2016-03-17,10:11
OCUL,2016-08-11,09:46
BRSL,2020-03-24,10:39
IMBI,2020-08-18,10:33
NPTN,2020-02-28,09:53
CLIR,2021-04-28,10:30
INSG,2020-04-01,11:05
SCNX,2020-12-03,10:20
TIO,2020-09-08,10:16
SHIP,2016-11-16,10:52
KPRX,2021-01-11,10:02
ASLN,2019-12-02,09:48
RDHL,2021-01-27,10:31
SLAI,2021-08-09,10:03
BLNK,2020-06-30,10:46
TRIT,2021-10-28,10:10
BSQR,2021-02-10,10:20
BLMN,2020-04-09,10:04
FINV,2021-02-16,10:15
BGMS,2017-04-03,10:02
CARV,2020-07-01,09:41
BBIG,2018-07-02,09:46
XAIR,2020-03-20,10:53
GRTS,2021-01-05,11:05
KZR,2020-06-04,09:38
SOLO,2019-02-14,10:55
CMBM,2020-07-08,09:46
ADTX,2020-08-06,09:42
CRMD,2019-12-18,10:27
GCT,2022-11-07,09:52
LBCC,2018-01-09,11:04
VFF,2020-05-26,10:47
QUBT,2021-11-09,09:37
MRAM,2022-01-28,09:33
FRMM,2021-03-26,11:11
PTGX,2019-12-04,10:48
CTRC,2018-07-05,10:08
RKDA,2018-06-27,10:32
EVER,2019-02-26,10:03
GPMT,2020-06-08,10:19
INO,2020-03-12,11:20
IVR,2020-04-09,10:38
ICD,2020-06-08,10:41
MDLY,2020-11-02,10:15
RGS,2020-11-09,11:20
YTEN,2020-04-27,10:07
EVFM,2020-05-26,10:55
EVK,2020-12-03,10:03
LNW,2016-02-26,10:45
M,2020-04-07,09:56
TOPS,2016-11-16,11:19
MIK,2020-06-08,10:49
SLI,2021-11-24,10:06
SKT,2020-04-07,09:51
SRNE,2020-07-31,09:56
SORL,2018-05-15,09:51
IMMU,2017-05-05,10:58
CNTX,2021-11-30,09:51
KA,2017-12-12,11:11
BTTC,2016-05-27,09:50
MIST,2020-07-23,10:54
AFMD,2021-04-09,10:24
NOTE,2022-08-31,09:44
CHAI,2021-12-07,09:47
BMRA,2021-10-01,09:59
PBR,2020-03-13,10:03
VRNA,2022-08-09,10:37
TOP,2022-08-01,11:00
GLPI,2020-03-20,10:40
WBX,2021-10-29,10:00
PHUN,2021-10-22,10:58
BHR,2016-06-08,09:33
PSFE,2022-12-13,09:40
RGS,2020-04-28,10:08
HIBB,2020-03-24,10:06
BEKE,2022-03-16,10:12
MDLY,2021-06-10,10:37
ZVRA,2021-03-03,11:08
GWH,2021-10-12,10:15
PYX,2019-06-25,10:23
HOME,2020-07-30,11:09
SU,2020-03-13,10:10
LYRA,2021-02-11,10:45
VCTR,2018-11-07,11:18
UIS,2020-02-06,09:52
CLOV,2021-06-08,10:24
BFI,2020-06-17,10:08
AAL,2020-03-13,10:23
FCEL,2021-01-07,09:41
INDP,2021-09-15,11:18
OCGN,2021-03-03,10:37
LJPC,2019-06-07,10:09
MYO,2021-02-16,09:54
AUPH,2019-12-05,10:19
SWBI,2018-12-07,09:41
ALF,2021-06-28,10:05
AMRN,2020-03-13,09:47
AIRS,2022-08-12,09:55
GMBL,2021-02-10,10:02
CHRS,2018-07-18,09:41
SLAI,2021-02-09,10:24
LFIN,2018-04-05,11:14
GRAF,2020-07-02,09:55
SINT,2022-12-21,11:05
ALT,2020-06-26,09:55
ELMS,2020-12-11,10:14
AMPH,2016-08-09,09:51
SNAP,2020-04-22,09:36
BINI,2020-09-24,10:20
ASTR,2021-11-22,09:33
CMTA,2018-10-24,10:25
HALO,2017-01-05,09:37
DTIL,2020-11-20,10:27
MNPR,2021-02-11,10:30
RHE,2021-08-31,10:36
BTTX,2021-11-04,09:47
XNCR,2016-03-08,09:45
FLNA,2020-09-22,09:56
INSM,2019-10-30,09:51
FRD,2021-05-25,10:27
CUK,2020-11-09,10:29
PGY,2022-07-29,09:43
APHA,2021-01-15,10:34
FFAI,2021-01-28,11:18
FOSL,2021-11-11,09:46
OUT,2020-04-06,10:55
ISUN,2021-01-05,09:31
FLNC,2022-12-13,09:40
SONO,2018-11-16,09:39
SE,2019-02-27,10:49
CAN,2021-02-19,10:33
UAVS,2021-01-20,10:00
NNVC,2020-01-30,09:39
LAKE,2020-02-27,10:36
ACRS,2021-01-19,11:05
APRN,2020-03-23,11:10
PHH,2016-08-09,10:00
SY,2020-11-23,09:53
CNTG,2020-07-23,10:30
ISUN,2021-03-16,09:45
PENN,2020-03-25,09:39
IOVA,2019-05-16,10:11
FSTX,2021-03-25,10:05
PRTS,2021-08-06,09:34
APA,2020-06-05,09:34
ATYR,2021-09-14,10:00
MYOV,2019-11-19,10:01
BBBY,2022-08-08,10:16
EGAN,2022-02-04,09:47
MRC,2019-11-01,09:48
LNC,2020-03-24,09:42
XNCR,2016-06-28,10:09
DOYU,2020-08-05,10:17
AMRX,2017-08-09,10:34
DPHC,2020-08-04,11:04
SOL,2021-03-09,09:57
STWD,2020-03-26,10:00
LGVN,2021-11-19,10:39
NSTG,2016-08-04,10:18
BPTH,2021-02-10,11:07
SOGP,2021-02-08,09:42
ISPC,2021-11-26,10:20
CRON,2018-10-16,09:44
SRNE,2020-07-31,09:39
MNPR,2021-02-11,10:04
FCEL,2020-11-24,09:33
AMRX,2017-08-09,09:36
JBLU,2020-03-25,10:36
NCLH,2020-03-24,09:55
RPD,2017-08-08,09:54
MITK,2022-07-29,09:35
JAGX,2019-06-11,10:46
INDO,2022-03-02,09:42
KNDI,2020-07-30,10:10
EGAN,2019-02-08,09:44
DKL,2020-04-22,10:41
MLGO,2023-12-08,09:00
PXMD,2023-02-03,09:30
OKYO,2023-03-01,08:01
FUSN,2023-02-14,08:37
BZFD,2023-01-27,07:59
BXRX,2023-04-25,08:08
ALLR,2023-07-31,08:45
MAIA,2023-10-24,09:28
INM,2023-01-11,08:15
CVKD,2023-07-12,08:26
FRGT,2023-04-13,09:13
DFSC,2023-05-02,08:20
FUSN,2023-02-14,08:10
FRGT,2023-04-05,08:28
DM,2023-02-02,08:06
PBLA,2023-01-13,08:18
GDC,2023-11-22,09:15
XYF,2023-05-25,08:04
XAIR,2023-12-20,08:55
SPRC,2023-10-03,07:52
GOL,2023-03-08,08:36
BEAT,2023-05-30,08:27
INM,2023-01-04,07:34
MLGO,2023-12-08,07:45
CDXS,2023-12-14,08:15
XYF,2023-05-25,07:29
BZFD,2023-02-01,08:27
TKC,2023-01-06,08:38
RVPH,2023-12-22,08:00
VCIG,2023-06-20,08:00
APLD,2023-05-16,09:01
HKIT,2023-09-07,08:34
GROM,2023-01-24,07:10
IMMX,2023-05-30,09:29
RVPH,2023-12-22,07:53
BZFD,2023-01-27,09:01
ORGN,2023-06-27,08:00
ALT,2023-10-26,07:39
EVAX,2023-01-03,08:04
RKTO,2023-06-06,09:22
TCBP,2023-01-26,08:06
GRRR,2023-07-07,07:31
MGIH,2023-06-13,09:29
ICCT,2023-12-18,09:21
BXRX,2023-04-25,08:24
GRRR,2023-07-20,08:06
MTC,2023-03-02,09:27
GERN,2023-01-04,07:28
LLAP,2023-02-22,08:14
ONCS,2023-03-01,08:08
SOAR,2023-12-08,08:59
AHI,2023-06-30,09:06
BAER,2023-10-24,08:25
TUP,2023-08-04,07:57
TUP,2023-08-04,09:13
SPRC,2023-10-17,07:50
BFRG,2023-04-04,08:16
RNER,2023-02-28,07:39
BIOR,2023-01-11,08:35
BAER,2023-02-24,07:59
GFAI,2023-04-03,07:22
GPUS,2023-07-12,08:10
BIOL,2023-07-28,07:59
NMAD,2023-07-17,09:15
FLG,2023-03-20,07:23
BNKK,2023-12-04,08:34
BAOS,2023-06-08,07:10
NEXT,2023-06-14,09:17
FULC,2023-08-22,07:27
NIKI,2023-05-03,09:29
SPRC,2023-11-15,08:55
GPUS,2023-07-12,07:24
TCBP,2023-01-27,08:17
PXMD,2023-11-07,08:43
DCX,2023-05-25,09:28
CDNA,2023-11-09,08:59
GFAI,2023-04-03,08:10
DRUG,2023-08-08,09:25
GPUS,2023-07-12,08:34
OCEA,2023-03-09,09:02
KRBP,2023-05-03,08:32
SPRY,2023-05-12,08:30
VTGN,2023-08-09,09:01
SDA,2023-05-19,09:14
PRFX,2023-07-20,08:04
OCEA,2023-02-23,09:11
RNA,2023-11-28,07:39
RNER,2023-02-28,09:15
PBLA,2023-06-02,08:41
TCBP,2023-01-17,08:43
SXTC,2023-12-29,09:09
RENX,2023-11-17,09:01
RNER,2023-02-28,07:58
CMND,2023-11-30,07:10
WHLR,2023-09-07,07:12
FSR,2023-02-27,09:30
CMND,2023-11-30,08:43
CRBU,2023-07-06,09:26
EXAI,2023-09-20,08:06
OMH,2023-05-17,07:16
CING,2023-12-28,08:23
BEKE,2023-08-31,08:20
KBAL,2023-03-08,08:13
VKTX,2023-03-28,07:12
ADRT,2023-06-16,08:33
SCNX,2023-06-26,08:50
AVDL,2023-11-08,08:59
HKD,2023-01-05,07:52
NIR,2023-03-24,08:30
ALXO,2023-10-03,08:26
VKTX,2023-03-28,08:29
HOLO,2023-01-24,08:07
EBS,2023-03-29,09:29
ELIQ,2023-07-24,08:58
ETNB,2023-03-22,08:56
CSTL,2023-07-07,08:56
PACW,2023-03-14,09:02
HE,2023-08-28,08:08
SI,2023-02-02,08:03
M,2023-11-16,07:18
AMBI,2023-03-15,09:29
TGTX,2023-11-01,09:18
PRPH,2023-05-11,09:07
MLGO,2023-12-07,09:20
HE,2023-08-18,08:22
AISP,2023-12-22,07:39
IMGN,2023-05-03,08:28
SOAR,2023-12-05,08:19
CVAC,2023-01-10,09:03
SQL,2023-09-18,08:35
MDAI,2023-09-07,07:45
TOP,2023-06-30,08:25
PLTR,2023-11-02,07:12
VKTX,2023-03-28,07:43
ZIMV,2023-12-18,08:25
PACW,2023-03-21,08:19
PSQH,2023-07-20,08:00
GFAI,2023-04-10,07:16
SCNX,2023-08-02,09:17
PIXY,2023-12-01,08:17
KEY,2023-03-14,09:08
SWBI,2023-09-08,09:30
ATGL,2023-12-26,09:09
HIND,2023-02-03,08:27
PACW,2023-04-26,07:18
ONMD,2023-10-19,08:50
PACW,2023-03-14,08:32
UCAR,2023-06-02,09:23
SQL,2023-09-18,07:07
M,2023-11-16,07:03
CNSL,2023-04-13,10:08
XAGE,2023-07-27,09:35
MVIS,2023-06-30,10:31
SXTC,2023-11-10,10:27
ARLO,2023-03-08,09:36
IONM,2023-04-17,09:32
SMX,2023-03-09,11:04
FRMM,2023-01-25,10:08
BBBY,2023-01-11,10:23
OUST,2023-11-10,09:35
PMN,2023-08-22,10:22
ATAK,2023-12-21,09:39
PIXY,2023-06-22,09:36
TENX,2023-02-02,10:29
MDAI,2023-10-19,09:31
SLE,2023-09-11,09:42
WE,2023-09-05,10:28
RKTO,2023-02-22,10:55
MINM,2023-12-11,10:36
GMVD,2023-03-31,10:16
NAYA,2023-11-14,10:20
ASST,2023-06-12,10:41
LUCY,2023-02-07,10:27
CHAI,2023-08-15,09:40
CAUD,2023-11-13,11:01
TWAV,2023-01-05,10:23
SABR,2023-08-03,09:52
XAGE,2023-07-27,10:25
MNTS,2023-10-16,09:44
GRRR,2023-04-05,09:38
DRMA,2023-04-18,10:07
VS,2023-12-29,09:43
SWVL,2023-01-26,09:40
NRGV,2023-01-18,10:08
TALS,2023-04-17,10:00
NOGN,2023-04-14,10:55
BZFD,2023-01-27,10:36
MMV,2023-01-12,10:31
VRM,2023-07-19,10:23
PYXS,2023-03-27,09:40
FRZA,2023-06-06,10:55
SAIH,2023-07-14,10:41
BBAI,2023-05-25,10:45
AHI,2023-06-30,10:44
PSTX,2023-08-07,10:18
BZFD,2023-01-27,09:59
TIGR,2023-08-29,10:09
TCRX,2023-05-10,09:47
ANY,2023-12-20,10:41
MNTS,2023-10-02,10:02
SRRK,2023-10-12,09:39
CDLX,2023-05-01,11:02
LUNR,2023-05-12,10:15
SPRC,2023-11-22,10:04
AZUL,2023-03-06,09:36
LFMD,2023-12-13,09:40
ELOX,2023-07-11,10:17
MMV,2023-01-06,09:58
KRBP,2023-05-03,10:50
OPRT,2023-08-09,09:56
NVTS,2023-08-15,10:47
VIRC,2023-12-08,10:01
AAOI,2023-08-04,10:00
ZURA,2023-05-24,09:55
DFLI,2023-04-17,10:17
ATOM,2023-04-27,11:13
ATXG,2023-06-30,11:02
HUDI,2023-01-19,10:49
MGTX,2023-12-21,11:10
CDLX,2023-04-04,11:08
ROVR,2023-08-02,09:39
AVGR,2023-09-19,09:41
FUSN,2023-12-27,10:05
CDNA,2023-11-09,09:56
UCAR,2023-06-01,11:00
WW,2023-03-07,09:39
MMV,2023-01-06,10:12
AAOI,2023-08-04,10:29
VSTD,2023-11-29,09:39
CDT,2023-10-04,10:55
UHG,2023-12-29,11:31
NIKI,2023-05-03,10:19
AZUL,2023-03-06,10:57
GDRX,2023-07-31,10:03
PTPI,2023-04-25,10:17
BJDX,2023-07-28,09:42
WBUY,2023-12-06,10:27
ZUO,2023-11-30,09:39
BFRG,2023-07-25,11:01
SOAR,2023-12-08,09:48
CNTA,2023-10-26,10:50
ELOX,2023-07-11,10:49
PCT,2023-03-16,09:35
GPUS,2023-07-12,09:59
SCNX,2023-08-02,10:01
OPAD,2023-06-13,10:35
SRTS,2023-01-06,10:08
MOMO,2023-12-08,09:44
LSB,2023-03-23,09:59
BBAI,2023-02-06,10:10
GME,2023-11-29,09:48
HKD,2023-01-05,10:26
CLMT,2023-05-05,10:02
PIXY,2023-12-01,10:01
HA,2023-12-04,09:31
HDSN,2023-08-03,09:55
PACW,2023-03-14,10:06
ESLA,2023-09-21,10:04
RCEL,2023-11-10,09:42
GRRR,2023-01-03,11:08
PACW,2023-07-26,09:38
ADTX,2023-08-18,09:57
GCT,2023-12-01,11:18
FARO,2023-08-03,09:38
AAN,2023-04-25,09:39
GCT,2023-12-01,10:05
CVAC,2023-01-09,09:31
VITL,2023-08-03,09:35
VRT,2023-05-25,09:38
APLM,2023-03-30,11:12
CECO,2023-08-08,10:10
ADTX,2023-08-30,09:44
HERE,2023-06-01,10:00
CVAC,2023-01-09,09:37
LUNR,2023-02-16,10:28
RCEL,2023-11-10,10:30
IMG,2023-01-19,10:10
DJT,2023-07-21,09:44
HDSN,2023-08-03,09:37
BAOS,2023-06-08,10:46
MDAI,2023-09-07,10:57
KD,2023-11-08,10:01
BLBD,2023-02-09,10:36
ABOS,2023-07-17,10:04
EVCM,2023-03-16,10:11
HEPA,2023-05-22,10:35
CDT,2023-09-21,10:15
NIR,2023-03-24,09:45
SHC,2023-01-10,10:08
HIND,2023-02-03,10:17
AVTX,2023-12-29,09:41
KLXE,2023-03-09,09:39
XPEV,2023-04-17,09:55
IMGN,2023-05-03,10:07
HIND,2023-01-03,11:06
UCAR,2023-06-02,11:10
HEPA,2023-05-22,10:16
TDS,2023-08-04,09:41
EWTX,2023-12-27,09:40
XPEV,2023-07-26,09:54
