trades,win_rate,loss_rate,be_rate,avg_r,median_r,avg_winner_r,median_winner_r,avg_loser_r,median_loser_r,realized_rr,profit_factor,gross_profit,gross_loss,net_pnl,expectancy_r,max_dd_r,max_dd_pct,longest_losing_streak,worst_day_r,worst_week_r,worst_month_r,stdev_r,downside_dev_r,avg_mfe_r,avg_mae_r,median_mfe_r,median_mae_r,pct_reach_0p5r,pct_reach_1r,pct_reach_2r,pct_stopped_before_0p5r,ambiguous_share,halt_share,participation_capped_share,sessions,bucket,variant,cut
24,0.08333333333333333,0.9166666666666666,0.0,-2.340344853826234,-2.4777215236722636,0.5364914656326815,0.5364914656326815,-2.601875428322499,-2.5594417252517623,0.20619413973195955,0.02138578012399633,10.877061052459727,508.6118434489518,-497.7347823964921,-2.340344853826234,-56.16827649182962,,11.0,-11.702306988547699,-22.52331949620082,-33.6449569956288,2.0401607280976983,1.979059764668728,0.5319109288694289,-2.2909208924664672,0.0,-1.936920228987531,0.3333333333333333,0.2916666666666667,0.125,0.6666666666666666,0.2916666666666667,0.0,0.0,11.0,2-5,A,price
14,0.2857142857142857,0.7142857142857143,0.0,-1.1576013528355156,-0.9756351673073432,0.6561268324174632,0.7807560322809481,-1.883092626936707,-1.8300195543949058,0.34843046116366977,0.21364565596440765,43.14785102737769,201.95987993580323,-158.81202890842553,-1.1576013528355156,-16.20641893969722,,5.0,-4.387510306404001,-8.257900815459994,-13.25152407117924,1.6560157025556066,1.44056015466415,1.6061492493530622,-2.0368249063802244,1.4375594951334154,-1.6400763425757012,0.5714285714285714,0.5714285714285714,0.21428571428571427,0.42857142857142855,0.2857142857142857,0.07142857142857142,0.07142857142857142,8.0,5-10,A,price
10,0.2,0.8,0.0,-1.1668827674765319,-1.564261130140427,1.2228048987304545,1.2228048987304545,-1.7643046840282783,-1.7069556410858349,0.6930803447953978,0.2740487370246271,54.938564834436804,200.4700529946241,-145.53148816018728,-1.1668827674765319,-12.397384861631162,-1701.635106361801,7.0,-4.364437106625863,-3.999629719147103,-7.669197955618214,1.651100356048362,1.301233056251242,1.0827550572855824,-1.8272083349055275,0.4193783606079486,-1.873425003944658,0.5,0.4,0.4,0.5,0.4,0.0,0.1,7.0,10-20,A,price
6,0.16666666666666666,0.8333333333333334,0.0,-1.1122596466518668,-0.9038350011348165,1.2337603868262557,1.2337603868262557,-1.5814636533474915,-1.717052610595064,0.7801383131472857,0.37898549850301694,27.85207192470757,73.49112838016902,-45.63905645546144,-1.1122596466518668,-6.6735578799112005,,4.0,-3.3826350250493484,-4.434065850013539,-3.473252416723917,1.7561730657120402,1.4765051027613345,1.1639186800701613,-1.5289897438731554,1.022319162802369,-1.8423831017854408,0.5,0.5,0.5,0.5,0.3333333333333333,0.16666666666666666,0.16666666666666666,5.0,10-20,A,gap
18,0.16666666666666666,0.8333333333333334,0.0,-1.631310373256185,-1.7736872567356148,0.856730785170027,0.8563678242900633,-2.1289186049414277,-2.1356392734587617,0.40242533612204395,0.14555757688841134,45.711092092325586,314.0413097654754,-268.3302176731498,-1.631310373256185,-29.36358671861133,,6.0,-5.511128193017855,-10.44839153162661,-20.93420646657999,1.5160633140614241,1.2803293450644595,0.8165954521380127,-2.1196892846798168,0.341493087475868,-1.7929622032386627,0.4444444444444444,0.3888888888888889,0.16666666666666666,0.5555555555555556,0.3888888888888889,0.0,0.05555555555555555,12.0,20-50,A,gap
13,0.3076923076923077,0.6923076923076923,0.0,-1.4206101579553776,-1.7444551110708748,0.5847868290149469,0.6380760254759159,-2.3118977077199663,-2.5895448409078075,0.2529466710668933,0.15263651460226793,35.400312897241065,231.92558471008925,-196.52527181284822,-1.4206101579553776,-18.467932053419908,,5.0,-7.306908813938882,-9.051363925009756,-16.886021616813153,1.8075484663896215,1.5927483814330539,1.3803728285098786,-1.8086819063041764,0.5293017367008749,-1.7264588335095947,0.5384615384615384,0.46153846153846156,0.23076923076923078,0.46153846153846156,0.15384615384615385,0.0,0.0,8.0,50-100,A,gap
9,0.0,1.0,0.0,-2.7637857612766137,-2.4261044377488097,,,-2.7637857612766137,-2.4261044377488097,,0.0,0.0,237.54047867415048,-237.54047867415048,-2.7637857612766137,-24.87407185148952,,9.0,-10.862576751978452,-13.858264985239412,-13.858264985239412,2.845714919243822,2.845714919243822,0.7169361519034856,-2.8487116229739815,0.0,-2.601851543568953,0.3333333333333333,0.3333333333333333,0.1111111111111111,0.6666666666666666,0.3333333333333333,0.0,0.0,7.0,>100,A,gap
9,0.1111111111111111,0.8888888888888888,0.0,-1.3306170491170508,-1.717052610595064,1.2118494106346531,1.2118494106346531,-1.6484253565860136,-1.7307538608329693,0.7351557689845689,0.17713037277085053,27.086492909729238,152.91839838653988,-125.83190547681065,-1.3306170491170508,-11.975553442053457,,5.0,-3.304152953242574,-4.566447857237896,-11.884936050378888,1.3427696671502438,1.0935877662998104,0.877364058370069,-2.221265513162651,0.5293017367008749,-1.890690308860313,0.5555555555555556,0.4444444444444444,0.2222222222222222,0.4444444444444444,0.2222222222222222,0.0,0.0,7.0,<20,A,pullback_depth
16,0.125,0.875,0.0,-1.8082514785487995,-2.040793661338327,0.713403884436405,0.713403884436405,-2.168487958975257,-2.405416544424429,0.32898678615376403,0.06623260559253402,21.5872757455301,325.93124719169276,-304.34397144616264,-1.8082514785487995,-28.932023656780792,,6.0,-7.306908813938882,-10.52780809539248,-22.027206937088735,1.5252256709762477,1.3784076555003246,0.590380923232046,-2.0048407981884315,0.01750271587282415,-1.8485771755780078,0.3125,0.3125,0.125,0.6875,0.25,0.0625,0.0625,13.0,20-35,A,pullback_depth
22,0.18181818181818182,0.8181818181818182,0.0,-2.012365144188355,-2.163775039757504,0.7333587670521656,0.7807560322809481,-2.6225260133529154,-2.7779451411586233,0.2796383194363674,0.12914998716470139,54.01998600404505,418.2732587898353,-364.2532727857903,-2.012365144188355,-44.272033172143814,,9.0,-14.9061750757484,-25.980339656573758,-25.980339656573758,2.347732583808461,2.190667901271114,1.198173803387451,-2.2180362355008083,0.0,-1.859395951317887,0.45454545454545453,0.4090909090909091,0.22727272727272727,0.5454545454545454,0.4090909090909091,0.0,0.045454545454545456,11.0,35-50,A,pullback_depth
2,0.5,0.5,0.0,-0.8954173543542847,-0.8954173543542847,0.5710078106799986,0.5710078106799986,-2.361842519388568,-2.361842519388568,0.24176371032045807,0.16206242900785814,6.269722254969835,38.68708061055796,-32.41735835558813,-0.8954173543542847,-2.361842519388568,-413.6270074092174,1.0,-2.361842519388568,-2.361842519388568,-2.361842519388568,2.0738383565966876,1.6700748615543761,1.1886536925488544,-1.6116767363275226,1.1886536925488544,-1.6116767363275226,0.5,0.5,0.5,0.5,0.0,0.0,0.0,2.0,>50,A,pullback_depth
35,0.17142857142857143,0.8285714285714286,0.0,-2.031846351899751,-2.361842519388568,0.6677363332456708,0.6380760254759159,-2.5903807005505275,-2.529338609595717,0.25777536603162554,0.09160968745756455,64.89704705650479,708.4081264502338,-643.5110793937291,-2.031846351899751,-71.68563012717128,-12554.229344394204,11.0,-12.861756474158497,-23.911368503361185,-47.2032538131301,2.0323087170710927,1.8813335159485411,0.8969016893175534,-2.2667831995911465,0.0,-1.940041632374661,0.37142857142857144,0.34285714285714286,0.17142857142857143,0.6285714285714286,0.2857142857142857,0.0,0.02857142857142857,15.0,1,A,pullback_number
12,0.08333333333333333,0.9166666666666666,0.0,-1.3563974391206404,-1.6344274732009625,1.2118494106346531,1.2118494106346531,-1.589874425462031,-1.7444551110708748,0.7622296397921361,0.12191151179718113,27.086492909729238,222.18158490883008,-195.09509199910084,-1.3563974391206404,-16.276769269447684,,8.0,-4.4614683504893495,-8.4933974538992,-8.4933974538992,1.3552727540167575,1.180367707127314,0.9375848725080437,-1.8868580148027299,0.5016557675978688,-1.839146849496557,0.5,0.4166666666666667,0.25,0.5,0.4166666666666667,0.08333333333333333,0.08333333333333333,8.0,2,A,pullback_number
2,0.5,0.5,0.0,0.21047330312616142,0.21047330312616142,0.9248326482874456,0.9248326482874456,-0.5038860420351228,-0.5038860420351228,1.835400410283604,3.252690986237099,16.97993694804021,5.22027361956187,11.75966332847834,0.21047330312616142,-0.5038860420351228,-119.70307743331338,1.0,-0.5038860420351228,-0.5038860420351228,0.42094660625232283,1.0102566743350512,0.35630123726828505,1.7184623802270453,-1.0546424399143652,1.7184623802270453,-1.0546424399143652,1.0,1.0,0.5,0.0,0.0,0.0,0.0,2.0,3+,A,pullback_number
33,0.12121212121212122,0.8787878787878788,0.0,-1.9782711747097996,-2.1356392734587617,0.8243118929933791,0.7807560322809481,-2.3648343564619614,-2.361842519388568,0.34857066869860415,0.08722874003233516,56.06506658730178,642.7361734964737,-586.671106909172,-1.9782711747097996,-65.28294876542338,,11.0,-12.861756474158497,-20.764759423766655,-44.51818934165672,2.06244245695617,1.9343726135794357,1.0477550036319279,-2.2110428326676645,0.3094549845150223,-1.8561596990290032,0.45454545454545453,0.3939393939393939,0.21212121212121213,0.5454545454545454,0.3333333333333333,0.030303030303030304,0.06060606060606061,14.0,5-8,A,push_pct
14,0.21428571428571427,0.7857142857142857,0.0,-1.526781842111919,-1.9927759175795472,0.5446676919293182,0.5710078106799986,-2.091722624123166,-2.529338609595717,0.2603919303868689,0.10006311051405074,25.811917417243215,257.95637657714764,-232.14445915990441,-1.526781842111919,-21.374945789566866,,8.0,-3.0512247115852302,-10.11560669816268,-11.259339091404188,1.4310518096549203,1.2478326470652008,0.6380469566315432,-1.976566584706856,0.0,-1.8729547326160274,0.35714285714285715,0.35714285714285715,0.14285714285714285,0.6428571428571429,0.21428571428571427,0.0,0.0,12.0,8-15,A,push_pct
2,0.5,0.5,0.0,-0.1562752123481984,-0.1562752123481984,1.2118494106346531,1.2118494106346531,-1.52439983533105,-1.52439983533105,0.794968211454496,0.771311827956692,27.086492909729238,35.1174349050046,-8.030941995275363,-0.1562752123481984,-1.52439983533105,-125.79119335732582,1.0,-1.52439983533105,-1.52439983533105,-1.52439983533105,1.934820396838926,1.0779134608022418,1.285464921984881,-1.7263236896113463,1.285464921984881,-1.7263236896113463,0.5,0.5,0.5,0.5,0.5,0.0,0.0,2.0,>15,A,push_pct
8,0.0,1.0,0.0,-2.059432885022969,-2.3606247078259823,,,-2.059432885022969,-2.3606247078259823,,0.0,0.0,166.2209506955783,-166.2209506955783,-2.059432885022969,-16.47546308018375,,8.0,-8.445196171902598,-8.445196171902598,-8.445196171902598,1.1411156544149292,1.1411156544149292,0.7747699351912615,-1.899760284227713,0.01750271587282415,-1.8459929281742355,0.375,0.25,0.25,0.625,0.25,0.125,0.125,5.0,<2,A,rvol
3,0.0,1.0,0.0,-1.575136578143488,-1.717052610595064,,,-1.575136578143488,-1.717052610595064,,0.0,0.0,53.37236718432485,-53.37236718432485,-1.575136578143488,-4.725409734430464,,3.0,-2.3847286511000485,-2.3847286511000485,-2.3847286511000485,0.8890858112461024,0.8890858112461024,0.5276456080666041,-1.6391230287321799,0.0,-1.7500982491578578,0.3333333333333333,0.3333333333333333,0.0,0.6666666666666666,0.6666666666666666,0.0,0.0,3.0,2-5,A,rvol
14,0.5,0.5,0.0,-0.8845026703034595,-0.5947396225294126,0.7768508311606129,0.8563678242900633,-2.5458561717675323,-1.850515841894624,0.30514325191484104,0.5089452798692122,99.37508143427638,195.25690750057373,-95.88182606629735,-0.8845026703034595,-14.210175747330515,-777.7284979863422,2.0,-5.819173895108249,-6.461819084101949,-12.954045194928433,1.992014999767733,1.6332377688289295,1.3610795985426034,-2.0111546239930633,1.466462641409099,-1.4144779116636452,0.6428571428571429,0.5714285714285714,0.42857142857142855,0.35714285714285715,0.14285714285714285,0.0,0.0,8.0,>5,A,rvol
45,0.17777777777777778,0.8222222222222222,0.0,-1.7389318969991132,-1.850515841894624,0.7678875072995155,0.7807560322809481,-2.280946903333952,-2.361842519388568,0.3366529515339137,0.12722431768813883,108.96347691427422,856.4673711308332,-747.5038942165589,-1.7389318969991132,-78.25193536496009,,15.0,-12.612179975281483,-25.43071145360473,-52.82122391135538,1.9361255148798184,1.7649385570587663,0.9647296606871195,-2.07500361074118,0.0817113564767605,-1.8358261573194676,0.4222222222222222,0.4,0.2,0.5777777777777777,0.3111111111111111,0.022222222222222223,0.022222222222222223,17.0,0,A,confluence
3,0.0,1.0,0.0,-1.6031657624179985,-1.7444551110708748,,,-1.6031657624179985,-1.7444551110708748,,0.0,0.0,64.03838532241578,-64.03838532241578,-1.6031657624179985,-4.809497287253995,,3.0,-2.9956882332609607,-3.06504217618312,-3.06504217618312,1.468274533163073,1.468274533163073,0.8888892085815349,-2.118391352012012,0.5293017367008749,-1.890690308860313,0.6666666666666666,0.3333333333333333,0.3333333333333333,0.3333333333333333,0.0,0.0,0.0,3.0,1,A,confluence
1,0.0,1.0,0.0,-3.909012327472534,-3.909012327472534,,,-3.909012327472534,-3.909012327472534,,0.0,0.0,15.304228525376868,-15.304228525376868,-3.909012327472534,-3.909012327472534,,1.0,-3.909012327472534,-3.909012327472534,-3.909012327472534,,,0.0,-4.35865650376246,0.0,-4.35865650376246,0.0,0.0,0.0,1.0,1.0,0.0,1.0,1.0,2+,A,confluence
9,0.1111111111111111,0.8888888888888888,0.0,-2.413459974980659,-2.191910806056247,0.5019751205853643,0.5019751205853643,-2.7778893619264116,-2.2883197285781476,0.1807037844866703,0.023526105809157854,4.607338797489891,195.83941494033502,-191.23207614284513,-2.413459974980659,-21.72113977482593,,4.0,-9.567270995283229,-11.951999646383278,-11.951999646383278,2.867669065970502,2.808140767498408,0.6417695558919707,-2.3383456387106323,0.0,-1.8358261573194676,0.4444444444444444,0.3333333333333333,0.1111111111111111,0.5555555555555556,0.2222222222222222,0.0,0.0,7.0,2-5,B,price
10,0.4,0.6,0.0,-0.9162536573603622,-1.0740141540332004,0.6561268324174632,0.7807560322809481,-1.9645073172122458,-2.0798502118528974,0.3339905261073533,0.25501646578044795,43.14785102737769,169.1963336380212,-126.04848261064353,-0.9162536573603622,-9.300699190424133,-6731.7045699176715,4.0,-3.165990336422064,-3.789618809157415,-6.207641705085642,1.5176383089170933,1.2076516694548822,1.789504355749265,-1.518940331578995,1.0284733113473374,-1.3927287082966973,0.5,0.5,0.3,0.5,0.4,0.0,0.0,5.0,5-10,B,price
7,0.2857142857142857,0.7142857142857143,0.0,-0.6044968804608628,-1.4316635887042484,1.2245846051976608,1.2245846051976608,-1.3361294747242725,-1.6968586715766056,0.9165164217714526,0.3996095662332358,54.95359942328349,137.51822795755925,-82.56462853427576,-0.6044968804608628,-4.963594763026297,-677.9787214742172,4.0,-1.7444551110708748,-3.4615077216659387,-4.140860771551472,1.3766032306502183,0.8710846310009618,1.1341412236348596,-1.5121775369300785,0.5293017367008749,-1.4524572943479013,0.5714285714285714,0.42857142857142855,0.42857142857142855,0.42857142857142855,0.2857142857142857,0.0,0.0,6.0,10-20,B,price
2,0.0,1.0,0.0,-0.9038350011348165,-0.9038350011348165,,,-0.9038350011348165,-0.9038350011348165,,0.0,0.0,27.182900427557996,-27.182900427557996,-0.9038350011348165,-1.807670002269633,,2.0,-1.717052610595064,-1.717052610595064,-1.717052610595064,1.150063372459309,1.150063372459309,1.0048164469295446,-1.5699392589878576,1.0048164469295446,-1.5699392589878576,0.5,0.5,0.5,0.5,0.5,0.0,0.0,2.0,10-20,B,gap
14,0.2857142857142857,0.7142857142857143,0.0,-1.1036235616905035,-1.564261130140427,0.9518780388176873,1.0341086174623582,-1.92582420189378,-1.9930775576766928,0.494270472809329,0.31453574415075275,73.57819860587983,233.92635010224717,-160.34815149636734,-1.1036235616905035,-15.764259800603607,-5027.99188958896,4.0,-3.304152953242574,-5.955675197172717,-10.93036193910824,1.5622698878973749,1.1866053261193896,1.0827133002171943,-1.5287731027043692,0.659293152321995,-1.5330840279593527,0.5,0.42857142857142855,0.2857142857142857,0.5,0.2857142857142857,0.0,0.0,10.0,20-50,B,gap
8,0.375,0.625,0.0,-0.8742722367175572,-0.986774594853351,0.5893798351265963,0.7051442402718331,-1.752463479824049,-2.0240611502470336,0.3363150455984231,0.20141192685232953,29.13059064227123,144.63190486047577,-115.50131421820456,-0.8742722367175572,-7.8374847508328,-929.375195389237,3.0,-3.2743907202182907,-4.333999951978682,-7.470228055376463,1.4084602339643126,1.1359218191654696,1.7460411538212166,-1.499156694654321,0.9141382900146875,-1.5093999845231765,0.625,0.5,0.25,0.375,0.125,0.0,0.0,5.0,50-100,B,gap
2,0.0,1.0,0.0,-5.431288375989226,-5.431288375989226,,,-5.431288375989226,-5.431288375989226,,0.0,0.0,96.81282114563453,-96.81282114563453,-5.431288375989226,-10.862576751978452,,2.0,-10.862576751978452,-10.862576751978452,-10.862576751978452,5.525174760878822,5.525174760878822,0.2370048992474313,-5.141900654812367,0.2370048992474313,-5.141900654812367,0.0,0.0,0.0,1.0,1.0,0.0,0.0,1.0,>100,B,gap
7,0.14285714285714285,0.8571428571428571,0.0,-1.1597961386540576,-1.717052610595064,1.2118494106346531,1.2118494106346531,-1.555070396868843,-1.7307538608329693,0.7792891004000395,0.23195799131936984,27.086492909729238,116.77326896849773,-89.6867760587685,-1.1597961386540576,-8.118572970578404,,5.0,-3.304152953242574,-4.566447857237896,-8.027955578903835,1.4596256550165447,1.1757033206638472,0.9417603843816271,-1.5883064943265564,0.5293017367008749,-1.890690308860313,0.5714285714285714,0.42857142857142855,0.2857142857142857,0.42857142857142855,0.2857142857142857,0.0,0.0,5.0,<20,B,pullback_depth
8,0.25,0.75,0.0,-1.0880342325977592,-1.4780317120176492,0.713403884436405,0.713403884436405,-1.6885136049424805,-1.6106292534538278,0.4225040783492575,0.13210336008389076,21.5872757455301,163.41201110873592,-141.82473536320583,-1.0880342325977592,-8.704273860782074,,3.0,-2.5895448409078075,-3.9091284864310984,-4.795145374350974,1.2837504054738214,1.0049525456422432,0.8261833973351349,-1.6918871453060005,0.39173239150494243,-1.6012777717528794,0.375,0.375,0.25,0.625,0.375,0.0,0.0,8.0,20-35,B,pullback_depth
10,0.4,0.6,0.0,-1.611714546203641,-1.1265776144414303,0.7342486202857688,0.7807560322809481,-3.1756899905299143,-2.163775039757504,0.23120916162325017,0.29408777302965766,54.03502059289173,183.73773256952953,-129.7027119766378,-1.611714546203641,-16.25530807885692,-11765.344673497682,2.0,-8.862126755011396,-10.997766028470156,-10.997766028470156,3.1153835232380427,2.872089829784243,1.8408168256611934,-2.044773991706783,1.1220149787678881,-1.45686822386135,0.6,0.5,0.3,0.4,0.2,0.0,0.0,7.0,35-50,B,pullback_depth
1,0.0,1.0,0.0,-2.175162218258703,-2.175162218258703,,,-2.175162218258703,-2.175162218258703,,0.0,0.0,38.63096388915227,-38.63096388915227,-2.175162218258703,-2.175162218258703,,1.0,-2.175162218258703,-2.175162218258703,-2.175162218258703,,,0.0,-1.7187742828944572,0.0,-1.7187742828944572,0.0,0.0,0.0,1.0,1.0,0.0,0.0,1.0,>50,B,pullback_depth
20,0.25,0.75,0.0,-1.567172815434094,-1.7069556410858349,0.6877939203456879,0.7051442402718331,-2.3188283940273546,-2.0240611502470336,0.29661268687120196,0.14861312344113323,58.64235939038162,394.5974489501279,-335.9550895597463,-1.567172815434094,-31.48161892550239,-22785.916805846813,5.0,-8.952744146685964,-11.337472797786013,-20.005983510895867,2.289994284689704,2.1180245916400873,1.2536400892419837,-1.8876711746606827,0.3870978029000606,-1.7344362660261576,0.45,0.4,0.25,0.55,0.3,0.0,0.0,11.0,1,B,pullback_number
4,0.25,0.75,0.0,-1.0481612023065083,-1.6344274732009625,1.2118494106346531,1.2118494106346531,-1.8014980732868955,-1.7444551110708748,0.6726898177712686,0.263650774327764,27.086492909729238,102.73625396622576,-75.64976105649652,-1.0481612023065083,-4.192644809226033,,2.0,-2.1356392734587617,-3.6600391087898116,-3.6600391087898116,1.5277308847668114,0.9355451451268408,0.7750578951676592,-1.7392621124134524,0.5016557675978688,-1.7522005352155587,0.5,0.25,0.25,0.5,0.5,0.0,0.0,4.0,2,B,pullback_number
2,0.5,0.5,0.0,0.21047330312616142,0.21047330312616142,0.9248326482874456,0.9248326482874456,-0.5038860420351228,-0.5038860420351228,1.835400410283604,3.252690986237099,16.97993694804021,5.22027361956187,11.75966332847834,0.21047330312616142,-0.5038860420351228,-119.70307743331338,1.0,-0.5038860420351228,-0.5038860420351228,0.42094660625232283,1.0102566743350512,0.35630123726828505,1.7184623802270453,-1.0546424399143652,1.7184623802270453,-1.0546424399143652,1.0,1.0,0.5,0.0,0.0,0.0,0.0,2.0,3+,B,pullback_number
18,0.2222222222222222,0.7777777777777778,0.0,-1.6224777787019182,-1.7206568913237401,0.8252017462269823,0.7807560322809481,-2.3218147858244613,-2.0798502118528974,0.3554123917485341,0.14616086700754788,56.08010117614845,383.687524056986,-327.60742288083753,-1.6224777787019182,-29.20460001663453,,5.0,-8.952744146685964,-13.473112071244774,-15.731487945389757,2.374877948079109,2.190231898838936,1.3318406707434214,-1.8863137021561671,0.4649830760321412,-1.666242522232631,0.5,0.3888888888888889,0.2777777777777778,0.5,0.3333333333333333,0.0,0.0,11.0,5-8,B,push_pct
6,0.3333333333333333,0.6666666666666666,0.0,-0.9330006783874437,-1.1104693263150933,0.531497632553978,0.531497632553978,-1.6652498338581545,-1.783784226244844,0.3191699057687765,0.23334238094224283,19.54219516227338,83.74901757392493,-64.20682241165156,-0.9330006783874437,-5.736166687145173,-4151.750176096576,3.0,-2.5895448409078075,-4.810483493537994,-5.598004070324662,1.3404316406203516,1.089725055596936,0.844316034768843,-1.5689104674437486,0.5714092051374278,-1.6422837988381596,0.5,0.5,0.16666666666666666,0.5,0.16666666666666666,0.0,0.0,6.0,8-15,B,push_pct
2,0.5,0.5,0.0,-0.1562752123481984,-0.1562752123481984,1.2118494106346531,1.2118494106346531,-1.52439983533105,-1.52439983533105,0.794968211454496,0.771311827956692,27.086492909729238,35.1174349050046,-8.030941995275363,-0.1562752123481984,-1.52439983533105,-125.79119335732582,1.0,-1.52439983533105,-1.52439983533105,-1.52439983533105,1.934820396838926,1.0779134608022418,1.285464921984881,-1.7263236896113463,1.285464921984881,-1.7263236896113463,0.5,0.5,0.5,0.5,0.5,0.0,0.0,2.0,>15,B,push_pct
2,0.0,1.0,0.0,-2.163775039757504,-2.163775039757504,,,-2.163775039757504,-2.163775039757504,,0.0,0.0,57.30086196621717,-57.30086196621717,-2.163775039757504,-4.327550079515008,,2.0,-2.191910806056247,-2.191910806056247,-2.191910806056247,0.03978998228744179,0.03978998228744179,0.4725275571036382,-1.724768459445136,0.4725275571036382,-1.724768459445136,0.5,0.0,0.0,0.5,0.5,0.0,0.0,2.0,<2,B,rvol
3,0.0,1.0,0.0,-1.575136578143488,-1.717052610595064,,,-1.575136578143488,-1.717052610595064,,0.0,0.0,53.37236718432485,-53.37236718432485,-1.575136578143488,-4.725409734430464,,3.0,-2.3847286511000485,-2.3847286511000485,-2.3847286511000485,0.8890858112461024,0.8890858112461024,0.5276456080666041,-1.6391230287321799,0.0,-1.7500982491578578,0.3333333333333333,0.3333333333333333,0.0,0.6666666666666666,0.6666666666666666,0.0,0.0,3.0,2-5,B,rvol
10,0.6,0.4,0.0,-0.23312893395497455,0.32006886870293727,0.8117512367297842,0.8906002362887544,-1.8004491899821125,-1.7974854764827493,0.450860397086712,0.7178580335194642,93.1203937681532,129.7197905714157,-36.59939680326248,-0.23312893395497455,-4.918621166765577,-190.10399497378705,2.0,-1.7444551110708748,-1.7444551110708748,-2.331289339549745,1.3969936496023034,0.9464516284801366,1.5566024198961137,-1.25471795488514,1.8629457468169335,-1.0859627593686747,0.7,0.6,0.5,0.3,0.2,0.0,0.0,5.0,>5,B,rvol
24,0.2916666666666667,0.7083333333333334,0.0,-1.3061099270974035,-1.4780317120176492,0.7965216658072196,0.8563678242900633,-2.171899406528719,-1.850515841894624,0.3667396673220129,0.24010776200384157,102.70878924815108,427.7612201745806,-325.05243092642957,-1.3061099270974035,-31.484800867158192,-22788.219846806103,6.0,-10.477143982017013,-14.997511906575824,-16.349126343761856,2.2183188102728995,1.9996185315059307,1.2783329989125052,-1.7909436150826838,0.7095324563510694,-1.5330840279593527,0.5,0.4583333333333333,0.2916666666666667,0.5,0.3333333333333333,0.0,0.0,13.0,0,B,confluence
2,0.0,1.0,0.0,-1.8842581306589543,-1.8842581306589543,,,-1.8842581306589543,-1.8842581306589543,,0.0,0.0,74.79275636133488,-74.79275636133488,-1.8842581306589543,-3.7685162613179086,,2.0,-2.0240611502470336,-2.0240611502470336,-3.7685162613179086,0.19771132636217334,0.19771132636217334,0.4649830760321412,-1.918555030355887,0.4649830760321412,-1.918555030355887,0.5,0.0,0.0,0.5,0.0,0.0,0.0,2.0,1,B,confluence
0,,,,,,,,,,,,,,,,,,,,,,,,,,,,,,,,,,,,2+,B,confluence
0,,,,,,,,,,,,,,,,,,,,,,,,,,,,,,,,,,,,2-5,C,price
1,0.0,1.0,0.0,-2.0240611502470336,-2.0240611502470336,,,-2.0240611502470336,-2.0240611502470336,,0.0,0.0,37.47870062807068,-37.47870062807068,-2.0240611502470336,-2.0240611502470336,,1.0,-2.0240611502470336,-2.0240611502470336,-2.0240611502470336,,,0.4006644153634075,-1.9464197518514608,0.4006644153634075,-1.9464197518514608,0.0,0.0,0.0,1.0,0.0,0.0,0.0,1.0,5-10,C,price
2,0.0,1.0,0.0,-1.7294519618225372,-1.7294519618225372,,,-1.7294519618225372,-1.7294519618225372,,0.0,0.0,76.71665037355372,-76.71665037355372,-1.7294519618225372,-3.4589039236450745,,2.0,-1.7444551110708748,-1.7444551110708748,-3.4589039236450745,0.021217657145306535,0.021217657145306535,0.6435272979554103,-1.7682759860372128,0.6435272979554103,-1.7682759860372128,1.0,0.0,0.0,0.0,0.5,0.0,0.0,2.0,10-20,C,price
0,,,,,,,,,,,,,,,,,,,,,,,,,,,,,,,,,,,,10-20,C,gap
1,0.0,1.0,0.0,-1.7144488125742,-1.7144488125742,,,-1.7144488125742,-1.7144488125742,,0.0,0.0,39.40259464028952,-39.40259464028952,-1.7144488125742,-1.7144488125742,,1.0,-1.7144488125742,-1.7144488125742,-1.7144488125742,,,0.7577528592099457,-1.6458616632141123,0.7577528592099457,-1.6458616632141123,1.0,0.0,0.0,0.0,1.0,0.0,0.0,1.0,20-50,C,gap
2,0.0,1.0,0.0,-1.8842581306589543,-1.8842581306589543,,,-1.8842581306589543,-1.8842581306589543,,0.0,0.0,74.79275636133488,-74.79275636133488,-1.8842581306589543,-3.7685162613179086,,2.0,-2.0240611502470336,-2.0240611502470336,-3.7685162613179086,0.19771132636217334,0.19771132636217334,0.4649830760321412,-1.918555030355887,0.4649830760321412,-1.918555030355887,0.5,0.0,0.0,0.5,0.0,0.0,0.0,2.0,50-100,C,gap
0,,,,,,,,,,,,,,,,,,,,,,,,,,,,,,,,,,,,>100,C,gap
1,0.0,1.0,0.0,-1.7444551110708748,-1.7444551110708748,,,-1.7444551110708748,-1.7444551110708748,,0.0,0.0,37.3140557332642,-37.3140557332642,-1.7444551110708748,-1.7444551110708748,,1.0,-1.7444551110708748,-1.7444551110708748,-1.7444551110708748,,,0.5293017367008749,-1.890690308860313,0.5293017367008749,-1.890690308860313,1.0,0.0,0.0,0.0,0.0,0.0,0.0,1.0,<20,C,pullback_depth
0,,,,,,,,,,,,,,,,,,,,,,,,,,,,,,,,,,,,20-35,C,pullback_depth
2,0.0,1.0,0.0,-1.8692549814106167,-1.8692549814106167,,,-1.8692549814106167,-1.8692549814106167,,0.0,0.0,76.8812952683602,-76.8812952683602,-1.8692549814106167,-3.7385099628212335,,2.0,-2.0240611502470336,-2.0240611502470336,-3.7385099628212335,0.21892898350747989,0.21892898350747989,0.5792086372866766,-1.7961407075327864,0.5792086372866766,-1.7961407075327864,0.5,0.0,0.0,0.5,0.5,0.0,0.0,2.0,35-50,C,pullback_depth
0,,,,,,,,,,,,,,,,,,,,,,,,,,,,,,,,,,,,>50,C,pullback_depth
2,0.0,1.0,0.0,-1.8692549814106167,-1.8692549814106167,,,-1.8692549814106167,-1.8692549814106167,,0.0,0.0,76.8812952683602,-76.8812952683602,-1.8692549814106167,-3.7385099628212335,,2.0,-2.0240611502470336,-2.0240611502470336,-3.7385099628212335,0.21892898350747989,0.21892898350747989,0.5792086372866766,-1.7961407075327864,0.5792086372866766,-1.7961407075327864,0.5,0.0,0.0,0.5,0.5,0.0,0.0,2.0,1,C,pullback_number
1,0.0,1.0,0.0,-1.7444551110708748,-1.7444551110708748,,,-1.7444551110708748,-1.7444551110708748,,0.0,0.0,37.3140557332642,-37.3140557332642,-1.7444551110708748,-1.7444551110708748,,1.0,-1.7444551110708748,-1.7444551110708748,-1.7444551110708748,,,0.5293017367008749,-1.890690308860313,0.5293017367008749,-1.890690308860313,1.0,0.0,0.0,0.0,0.0,0.0,0.0,1.0,2,C,pullback_number
0,,,,,,,,,,,,,,,,,,,,,,,,,,,,,,,,,,,,3+,C,pullback_number
3,0.0,1.0,0.0,-1.8276550246307028,-1.7444551110708748,,,-1.8276550246307028,-1.7444551110708748,,0.0,0.0,114.1953510016244,-114.1953510016244,-1.8276550246307028,-5.4829650738921085,,3.0,-2.0240611502470336,-2.0240611502470336,-5.4829650738921085,0.17075309403369923,0.17075309403369923,0.5625730037580761,-1.8276572413086285,0.5293017367008749,-1.890690308860313,0.6666666666666666,0.0,0.0,0.3333333333333333,0.3333333333333333,0.0,0.0,3.0,5-8,C,push_pct
0,,,,,,,,,,,,,,,,,,,,,,,,,,,,,,,,,,,,8-15,C,push_pct
0,,,,,,,,,,,,,,,,,,,,,,,,,,,,,,,,,,,,>15,C,push_pct
0,,,,,,,,,,,,,,,,,,,,,,,,,,,,,,,,,,,,<2,C,rvol
0,,,,,,,,,,,,,,,,,,,,,,,,,,,,,,,,,,,,2-5,C,rvol
2,0.0,1.0,0.0,-1.7294519618225372,-1.7294519618225372,,,-1.7294519618225372,-1.7294519618225372,,0.0,0.0,76.71665037355372,-76.71665037355372,-1.7294519618225372,-3.4589039236450745,,2.0,-1.7444551110708748,-1.7444551110708748,-3.4589039236450745,0.021217657145306535,0.021217657145306535,0.6435272979554103,-1.7682759860372128,0.6435272979554103,-1.7682759860372128,1.0,0.0,0.0,0.0,0.5,0.0,0.0,2.0,>5,C,rvol
0,,,,,,,,,,,,,,,,,,,,,,,,,,,,,,,,,,,,0,C,confluence
3,0.0,1.0,0.0,-1.8276550246307028,-1.7444551110708748,,,-1.8276550246307028,-1.7444551110708748,,0.0,0.0,114.1953510016244,-114.1953510016244,-1.8276550246307028,-5.4829650738921085,,3.0,-2.0240611502470336,-2.0240611502470336,-5.4829650738921085,0.17075309403369923,0.17075309403369923,0.5625730037580761,-1.8276572413086285,0.5293017367008749,-1.890690308860313,0.6666666666666666,0.0,0.0,0.3333333333333333,0.3333333333333333,0.0,0.0,3.0,1,C,confluence
0,,,,,,,,,,,,,,,,,,,,,,,,,,,,,,,,,,,,2+,C,confluence
0,,,,,,,,,,,,,,,,,,,,,,,,,,,,,,,,,,,,2-5,D,price
0,,,,,,,,,,,,,,,,,,,,,,,,,,,,,,,,,,,,5-10,D,price
1,0.0,1.0,0.0,-1.7444551110708748,-1.7444551110708748,,,-1.7444551110708748,-1.7444551110708748,,0.0,0.0,37.3140557332642,-37.3140557332642,-1.7444551110708748,-1.7444551110708748,,1.0,-1.7444551110708748,-1.7444551110708748,-1.7444551110708748,,,0.5293017367008749,-1.890690308860313,0.5293017367008749,-1.890690308860313,1.0,0.0,0.0,0.0,0.0,0.0,0.0,1.0,10-20,D,price
0,,,,,,,,,,,,,,,,,,,,,,,,,,,,,,,,,,,,10-20,D,gap
0,,,,,,,,,,,,,,,,,,,,,,,,,,,,,,,,,,,,20-50,D,gap
1,0.0,1.0,0.0,-1.7444551110708748,-1.7444551110708748,,,-1.7444551110708748,-1.7444551110708748,,0.0,0.0,37.3140557332642,-37.3140557332642,-1.7444551110708748,-1.7444551110708748,,1.0,-1.7444551110708748,-1.7444551110708748,-1.7444551110708748,,,0.5293017367008749,-1.890690308860313,0.5293017367008749,-1.890690308860313,1.0,0.0,0.0,0.0,0.0,0.0,0.0,1.0,50-100,D,gap
0,,,,,,,,,,,,,,,,,,,,,,,,,,,,,,,,,,,,>100,D,gap
1,0.0,1.0,0.0,-1.7444551110708748,-1.7444551110708748,,,-1.7444551110708748,-1.7444551110708748,,0.0,0.0,37.3140557332642,-37.3140557332642,-1.7444551110708748,-1.7444551110708748,,1.0,-1.7444551110708748,-1.7444551110708748,-1.7444551110708748,,,0.5293017367008749,-1.890690308860313,0.5293017367008749,-1.890690308860313,1.0,0.0,0.0,0.0,0.0,0.0,0.0,1.0,<20,D,pullback_depth
0,,,,,,,,,,,,,,,,,,,,,,,,,,,,,,,,,,,,20-35,D,pullback_depth
0,,,,,,,,,,,,,,,,,,,,,,,,,,,,,,,,,,,,35-50,D,pullback_depth
0,,,,,,,,,,,,,,,,,,,,,,,,,,,,,,,,,,,,>50,D,pullback_depth
0,,,,,,,,,,,,,,,,,,,,,,,,,,,,,,,,,,,,1,D,pullback_number
1,0.0,1.0,0.0,-1.7444551110708748,-1.7444551110708748,,,-1.7444551110708748,-1.7444551110708748,,0.0,0.0,37.3140557332642,-37.3140557332642,-1.7444551110708748,-1.7444551110708748,,1.0,-1.7444551110708748,-1.7444551110708748,-1.7444551110708748,,,0.5293017367008749,-1.890690308860313,0.5293017367008749,-1.890690308860313,1.0,0.0,0.0,0.0,0.0,0.0,0.0,1.0,2,D,pullback_number
0,,,,,,,,,,,,,,,,,,,,,,,,,,,,,,,,,,,,3+,D,pullback_number
1,0.0,1.0,0.0,-1.7444551110708748,-1.7444551110708748,,,-1.7444551110708748,-1.7444551110708748,,0.0,0.0,37.3140557332642,-37.3140557332642,-1.7444551110708748,-1.7444551110708748,,1.0,-1.7444551110708748,-1.7444551110708748,-1.7444551110708748,,,0.5293017367008749,-1.890690308860313,0.5293017367008749,-1.890690308860313,1.0,0.0,0.0,0.0,0.0,0.0,0.0,1.0,5-8,D,push_pct
0,,,,,,,,,,,,,,,,,,,,,,,,,,,,,,,,,,,,8-15,D,push_pct
0,,,,,,,,,,,,,,,,,,,,,,,,,,,,,,,,,,,,>15,D,push_pct
0,,,,,,,,,,,,,,,,,,,,,,,,,,,,,,,,,,,,<2,D,rvol
0,,,,,,,,,,,,,,,,,,,,,,,,,,,,,,,,,,,,2-5,D,rvol
1,0.0,1.0,0.0,-1.7444551110708748,-1.7444551110708748,,,-1.7444551110708748,-1.7444551110708748,,0.0,0.0,37.3140557332642,-37.3140557332642,-1.7444551110708748,-1.7444551110708748,,1.0,-1.7444551110708748,-1.7444551110708748,-1.7444551110708748,,,0.5293017367008749,-1.890690308860313,0.5293017367008749,-1.890690308860313,1.0,0.0,0.0,0.0,0.0,0.0,0.0,1.0,>5,D,rvol
0,,,,,,,,,,,,,,,,,,,,,,,,,,,,,,,,,,,,0,D,confluence
1,0.0,1.0,0.0,-1.7444551110708748,-1.7444551110708748,,,-1.7444551110708748,-1.7444551110708748,,0.0,0.0,37.3140557332642,-37.3140557332642,-1.7444551110708748,-1.7444551110708748,,1.0,-1.7444551110708748,-1.7444551110708748,-1.7444551110708748,,,0.5293017367008749,-1.890690308860313,0.5293017367008749,-1.890690308860313,1.0,0.0,0.0,0.0,0.0,0.0,0.0,1.0,1,D,confluence
0,,,,,,,,,,,,,,,,,,,,,,,,,,,,,,,,,,,,2+,D,confluence
0,,,,,,,,,,,,,,,,,,,,,,,,,,,,,,,,,,,,2-5,E,price
0,,,,,,,,,,,,,,,,,,,,,,,,,,,,,,,,,,,,5-10,E,price
1,0.0,1.0,0.0,-1.7444551110708748,-1.7444551110708748,,,-1.7444551110708748,-1.7444551110708748,,0.0,0.0,37.3140557332642,-37.3140557332642,-1.7444551110708748,-1.7444551110708748,,1.0,-1.7444551110708748,-1.7444551110708748,-1.7444551110708748,,,0.5293017367008749,-1.890690308860313,0.5293017367008749,-1.890690308860313,1.0,0.0,0.0,0.0,0.0,0.0,0.0,1.0,10-20,E,price
0,,,,,,,,,,,,,,,,,,,,,,,,,,,,,,,,,,,,10-20,E,gap
0,,,,,,,,,,,,,,,,,,,,,,,,,,,,,,,,,,,,20-50,E,gap
1,0.0,1.0,0.0,-1.7444551110708748,-1.7444551110708748,,,-1.7444551110708748,-1.7444551110708748,,0.0,0.0,37.3140557332642,-37.3140557332642,-1.7444551110708748,-1.7444551110708748,,1.0,-1.7444551110708748,-1.7444551110708748,-1.7444551110708748,,,0.5293017367008749,-1.890690308860313,0.5293017367008749,-1.890690308860313,1.0,0.0,0.0,0.0,0.0,0.0,0.0,1.0,50-100,E,gap
0,,,,,,,,,,,,,,,,,,,,,,,,,,,,,,,,,,,,>100,E,gap
1,0.0,1.0,0.0,-1.7444551110708748,-1.7444551110708748,,,-1.7444551110708748,-1.7444551110708748,,0.0,0.0,37.3140557332642,-37.3140557332642,-1.7444551110708748,-1.7444551110708748,,1.0,-1.7444551110708748,-1.7444551110708748,-1.7444551110708748,,,0.5293017367008749,-1.890690308860313,0.5293017367008749,-1.890690308860313,1.0,0.0,0.0,0.0,0.0,0.0,0.0,1.0,<20,E,pullback_depth
0,,,,,,,,,,,,,,,,,,,,,,,,,,,,,,,,,,,,20-35,E,pullback_depth
0,,,,,,,,,,,,,,,,,,,,,,,,,,,,,,,,,,,,35-50,E,pullback_depth
0,,,,,,,,,,,,,,,,,,,,,,,,,,,,,,,,,,,,>50,E,pullback_depth
0,,,,,,,,,,,,,,,,,,,,,,,,,,,,,,,,,,,,1,E,pullback_number
1,0.0,1.0,0.0,-1.7444551110708748,-1.7444551110708748,,,-1.7444551110708748,-1.7444551110708748,,0.0,0.0,37.3140557332642,-37.3140557332642,-1.7444551110708748,-1.7444551110708748,,1.0,-1.7444551110708748,-1.7444551110708748,-1.7444551110708748,,,0.5293017367008749,-1.890690308860313,0.5293017367008749,-1.890690308860313,1.0,0.0,0.0,0.0,0.0,0.0,0.0,1.0,2,E,pullback_number
0,,,,,,,,,,,,,,,,,,,,,,,,,,,,,,,,,,,,3+,E,pullback_number
1,0.0,1.0,0.0,-1.7444551110708748,-1.7444551110708748,,,-1.7444551110708748,-1.7444551110708748,,0.0,0.0,37.3140557332642,-37.3140557332642,-1.7444551110708748,-1.7444551110708748,,1.0,-1.7444551110708748,-1.7444551110708748,-1.7444551110708748,,,0.5293017367008749,-1.890690308860313,0.5293017367008749,-1.890690308860313,1.0,0.0,0.0,0.0,0.0,0.0,0.0,1.0,5-8,E,push_pct
0,,,,,,,,,,,,,,,,,,,,,,,,,,,,,,,,,,,,8-15,E,push_pct
0,,,,,,,,,,,,,,,,,,,,,,,,,,,,,,,,,,,,>15,E,push_pct
0,,,,,,,,,,,,,,,,,,,,,,,,,,,,,,,,,,,,<2,E,rvol
0,,,,,,,,,,,,,,,,,,,,,,,,,,,,,,,,,,,,2-5,E,rvol
1,0.0,1.0,0.0,-1.7444551110708748,-1.7444551110708748,,,-1.7444551110708748,-1.7444551110708748,,0.0,0.0,37.3140557332642,-37.3140557332642,-1.7444551110708748,-1.7444551110708748,,1.0,-1.7444551110708748,-1.7444551110708748,-1.7444551110708748,,,0.5293017367008749,-1.890690308860313,0.5293017367008749,-1.890690308860313,1.0,0.0,0.0,0.0,0.0,0.0,0.0,1.0,>5,E,rvol
0,,,,,,,,,,,,,,,,,,,,,,,,,,,,,,,,,,,,0,E,confluence
1,0.0,1.0,0.0,-1.7444551110708748,-1.7444551110708748,,,-1.7444551110708748,-1.7444551110708748,,0.0,0.0,37.3140557332642,-37.3140557332642,-1.7444551110708748,-1.7444551110708748,,1.0,-1.7444551110708748,-1.7444551110708748,-1.7444551110708748,,,0.5293017367008749,-1.890690308860313,0.5293017367008749,-1.890690308860313,1.0,0.0,0.0,0.0,0.0,0.0,0.0,1.0,1,E,confluence
0,,,,,,,,,,,,,,,,,,,,,,,,,,,,,,,,,,,,2+,E,confluence
8,0.125,0.875,0.0,-2.6804971967129596,-2.3907278234820275,0.1491281145033277,0.1491281145033277,-3.084729384029572,-2.5895448409078075,0.04834398611281814,0.005255698957398854,1.05540889002934,200.81227988592443,-199.7568709958951,-2.6804971967129596,-21.443977573703677,,4.0,-9.567270995283229,-12.343380176646201,-12.343380176646201,2.9103213445897227,2.8900147854741647,0.6949467226057787,-2.800394721195527,0.38330797084811885,-2.024448687409672,0.375,0.25,0.125,0.625,0.125,0.0,0.0,6.0,2-5,F,price
6,0.3333333333333333,0.6666666666666666,0.0,-0.8182407754252816,-0.4989967464354972,0.783932005910291,0.783932005910291,-1.6193271660930677,-1.399395345497027,0.48410971070267095,0.30179826180375463,20.90606331350802,69.27164917570752,-48.365585862199495,-0.8182407754252816,-6.477308664372272,-413.1294943654527,4.0,-3.304152953242574,-4.302146446113568,-5.614588892823523,1.637206465835473,1.355376783939466,2.411533601580316,-1.6074052445417921,1.8894850541941155,-1.4310068298147922,0.6666666666666666,0.6666666666666666,0.5,0.3333333333333333,0.3333333333333333,0.0,0.0,5.0,5-10,F,price
6,0.16666666666666666,0.8333333333333334,0.0,-0.892163067775781,-1.4320290954159907,1.1306803563402104,1.1306803563402104,-1.2967317525989794,-1.4323946021277332,0.8719462248641942,0.14322900668258956,20.75924475981096,144.93743439703954,-124.17818963722858,-0.892163067775781,-5.352978406654686,,3.0,-1.6968586715766056,-3.128522260280854,-5.352978406654686,1.145282718265058,0.7809416026090362,0.8896944685754304,-1.6341717737108308,0.6514460451742605,-1.4950798816075692,0.6666666666666666,0.3333333333333333,0.16666666666666666,0.3333333333333333,0.16666666666666666,0.0,0.0,5.0,10-20,F,price
0,,,,,,,,,,,,,,,,,,,,,,,,,,,,,,,,,,,,10-20,F,gap
11,0.2727272727272727,0.7272727272727273,0.0,-1.182395519695202,-1.4323946021277332,0.714176080797429,0.8627197715487488,-1.8936098698799388,-1.7736872567356148,0.3771505906032852,0.15940770382994698,33.132321483350474,207.84642578313145,-174.71410429978098,-1.182395519695202,-13.006350716647223,,4.0,-4.049417611406375,-11.375445436352202,-13.006350716647225,1.4154473966687338,1.1183026200985522,1.0677359966413376,-1.7436085181865522,0.7735903536476463,-1.7380849229392492,0.5454545454545454,0.36363636363636365,0.2727272727272727,0.45454545454545453,0.18181818181818182,0.0,0.0,7.0,20-50,F,gap
6,0.16666666666666666,0.8333333333333334,0.0,-1.067912838122837,-1.0594100656032592,0.7051442402718331,0.7051442402718331,-1.4225242538017713,-1.7444551110708748,0.49569927429166694,0.08706479702861226,9.588395479997851,110.12941863112366,-100.54102315112578,-1.067912838122837,-7.112621269008856,-1008.6760782825002,5.0,-2.5895448409078075,-4.333999951978682,-6.883527190373028,1.2905372121054024,1.1172525682042203,2.0241628151143876,-1.7585231511433115,0.9141382900146875,-1.8047322958773853,0.6666666666666666,0.5,0.3333333333333333,0.3333333333333333,0.16666666666666666,0.0,0.0,5.0,50-100,F,gap
3,0.0,1.0,0.0,-4.097524295841937,-2.776109181362973,,,-4.097524295841937,-2.776109181362973,,0.0,0.0,97.04551904441641,-97.04551904441641,-4.097524295841937,-12.292572887525811,,3.0,-9.338176916647402,-12.114286098010375,-12.114286098010375,4.720752081380943,4.720752081380943,0.49228978267989026,-4.040595757389337,0.3249755875318557,-3.0500265880392528,0.3333333333333333,0.3333333333333333,0.0,0.6666666666666666,0.3333333333333333,0.0,0.0,3.0,>100,F,gap
4,0.0,1.0,0.0,-1.8806880947358557,-1.7974854764827493,,,-1.8806880947358557,-1.7974854764827493,,0.0,0.0,89.59036854093974,-89.59036854093974,-1.8806880947358557,-7.522752378943423,,4.0,-3.304152953242574,-5.778297267872549,-7.522752378943424,1.0993817789023341,1.0993817789023341,0.6214424378343502,-1.7877460143369603,0.4514164635687943,-1.97038378844825,0.5,0.25,0.0,0.5,0.25,0.0,0.0,3.0,<20,F,pullback_depth
5,0.2,0.8,0.0,-1.4002667177626134,-1.4323946021277332,0.1491281145033277,0.1491281145033277,-1.7876154258290986,-1.5646266368521693,0.0834229288629918,0.007997275279056922,1.05540889002934,131.97105929230923,-130.91565040227988,-1.4002667177626134,-7.0013335888130666,,2.0,-2.5895448409078075,-2.979394145777526,-7.0013335888130666,0.9880525734962264,0.9301433018202463,0.7263946439553768,-1.8651916134585576,0.3094549845150223,-1.7380849229392492,0.4,0.2,0.2,0.6,0.2,0.0,0.0,5.0,20-35,F,pullback_depth
7,0.14285714285714285,0.8571428571428571,0.0,-2.0320633419172642,-0.3743650201356435,0.7051442402718331,0.7051442402718331,-2.488264605615447,-1.2831379130959453,0.2833879639168933,0.07776956201015861,9.588395479997851,123.29239399272136,-113.70399851272352,-2.0320633419172642,-14.224443393420849,,5.0,-8.862126755011396,-8.862126755011396,-8.862126755011396,3.4320871952989336,3.3476678087355887,2.022037768980703,-2.6603287535286846,1.1518937605078152,-1.8358261573194676,0.7142857142857143,0.5714285714285714,0.2857142857142857,0.2857142857142857,0.14285714285714285,0.0,0.0,5.0,35-50,F,pullback_depth
1,0.0,1.0,0.0,-2.175162218258703,-2.175162218258703,,,-2.175162218258703,-2.175162218258703,,0.0,0.0,38.63096388915227,-38.63096388915227,-2.175162218258703,-2.175162218258703,,1.0,-2.175162218258703,-2.175162218258703,-2.175162218258703,,,0.0,-1.7187742828944572,0.0,-1.7187742828944572,0.0,0.0,0.0,1.0,1.0,0.0,0.0,1.0,>50,F,pullback_depth
18,0.2222222222222222,0.7777777777777778,0.0,-1.6437544723168631,-1.5646266368521693,0.7119181206660301,0.783932005910291,-2.3168037845976897,-2.0128390300766634,0.30728459846229655,0.1140036621570247,42.72071696334832,374.7310933266888,-332.01037636334047,-1.6437544723168631,-29.587580501703535,,7.0,-8.862126755011396,-11.638235936374368,-17.94934456532917,2.3477867990643935,2.1875489296998523,1.2409583661812014,-2.0812411347102624,0.6076153539060142,-1.728429602916853,0.5,0.3888888888888889,0.2222222222222222,0.5,0.2222222222222222,0.0,0.0,12.0,1,F,pullback_number
2,0.0,1.0,0.0,-1.0594100656032592,-1.0594100656032592,,,-1.0594100656032592,-1.0594100656032592,,0.0,0.0,40.29027013198275,-40.29027013198275,-1.0594100656032592,-2.1188201312065185,,2.0,-1.7444551110708748,-1.7444551110708748,-2.1188201312065185,0.9687999941367957,0.9687999941367957,1.5148458052595388,-2.195139727147615,1.5148458052595388,-2.195139727147615,1.0,0.5,0.5,0.0,0.0,0.0,0.0,2.0,2,F,pullback_number
0,,,,,,,,,,,,,,,,,,,,,,,,,,,,,,,,,,,,3+,F,pullback_number
12,0.16666666666666666,0.8333333333333334,0.0,-1.8545996235240265,-1.564261130140427,0.42713617738758036,0.42713617738758036,-2.3109467837063478,-1.7206568913237401,0.1848316804173785,0.03922603426454139,10.64380437002719,271.34541050581606,-260.70160613578884,-1.8545996235240265,-22.25519548228832,,6.0,-8.862126755011396,-8.862126755011396,-13.39306872727692,2.6190461189999126,2.553152761053495,1.492073573804947,-2.2538528120711914,0.7371784254540756,-1.7869555401293584,0.5833333333333334,0.4166666666666667,0.25,0.4166666666666667,0.3333333333333333,0.0,0.0,8.0,5-8,F,push_pct
4,0.0,1.0,0.0,-1.5126855186113999,-1.6414552220111784,,,-1.5126855186113999,-1.6414552220111784,,0.0,0.0,87.37518447564861,-87.37518447564861,-1.5126855186113999,-6.0507420744455995,,4.0,-2.5895448409078075,-2.5895448409078075,-6.0507420744455995,1.0100861228675897,1.0100861228675897,0.4813710285388654,-1.7499809281127403,0.38679517682382314,-1.7682612878251969,0.5,0.25,0.0,0.5,0.0,0.0,0.0,4.0,8-15,F,push_pct
1,0.0,1.0,0.0,-2.617754022702127,-2.617754022702127,,,-2.617754022702127,-2.617754022702127,,0.0,0.0,24.764190733657923,-24.764190733657923,-2.617754022702127,-2.617754022702127,,1.0,-2.617754022702127,-2.617754022702127,-2.617754022702127,,,0.4416403541643821,-2.7718602249306263,0.4416403541643821,-2.7718602249306263,0.0,0.0,0.0,1.0,0.0,0.0,0.0,1.0,>15,F,push_pct
1,0.0,1.0,0.0,-2.191910806056247,-2.191910806056247,,,-2.191910806056247,-2.191910806056247,,0.0,0.0,26.99609863826021,-26.99609863826021,-2.191910806056247,-2.191910806056247,,1.0,-2.191910806056247,-2.191910806056247,-2.191910806056247,,,0.9450551142072764,-1.8358261573194676,0.9450551142072764,-1.8358261573194676,1.0,0.0,0.0,0.0,0.0,0.0,0.0,1.0,<2,F,rvol
3,0.3333333333333333,0.6666666666666666,0.0,-0.3084475728409579,-0.6236284727353509,1.1306803563402104,1.1306803563402104,-1.0280115374315422,-1.0280115374315422,1.099871271061007,0.5685368123041636,20.75924475981096,36.51345754671185,-15.75421278690089,-0.3084475728409579,-1.4323946021277332,,1.0,-1.4323946021277332,-1.4323946021277332,-0.9253427185228738,1.3102833893570667,0.7181886265997289,1.6434843846428941,-1.1778009459946672,1.5829368241998123,-1.0837369420468534,1.0,0.6666666666666666,0.3333333333333333,0.0,0.0,0.0,0.0,3.0,2-5,F,rvol
8,0.25,0.75,0.0,-1.1430431055943475,-1.5880593498875615,0.5059239430260383,0.5059239430260383,-1.6926987884678095,-1.7974854764827493,0.2988859840113601,0.07495657882760169,12.373076723539512,165.06992337520217,-152.69684665166267,-1.1430431055943475,-9.14434484475478,,4.0,-2.776109181362973,-3.1330513160955444,-6.368235663391809,1.2706149499666746,1.0752780929739374,0.8825734043822753,-1.7982558394520811,0.4271386621163653,-1.728429602916853,0.5,0.375,0.25,0.5,0.25,0.0,0.0,6.0,>5,F,rvol
19,0.21052631578947367,0.7894736842105263,0.0,-1.5769445011494303,-1.4323946021277332,0.7119181206660301,0.783932005910291,-2.187307866966887,-1.850515841894624,0.3254768710969061,0.1131053492732691,42.72071696334832,377.7073077254073,-334.986590762059,-1.5769445011494303,-29.961945521839176,,8.0,-8.862126755011396,-11.749810456487847,-18.32370958546481,2.300148427870664,2.150995301954445,1.3072442350042015,-2.1032594510641913,0.7735903536476463,-1.7380849229392492,0.5263157894736842,0.42105263157894735,0.2631578947368421,0.47368421052631576,0.21052631578947367,0.0,0.0,12.0,0,F,confluence
1,0.0,1.0,0.0,-1.7444551110708748,-1.7444551110708748,,,-1.7444551110708748,-1.7444551110708748,,0.0,0.0,37.3140557332642,-37.3140557332642,-1.7444551110708748,-1.7444551110708748,,1.0,-1.7444551110708748,-1.7444551110708748,-1.7444551110708748,,,0.5293017367008749,-1.890690308860313,0.5293017367008749,-1.890690308860313,1.0,0.0,0.0,0.0,0.0,0.0,0.0,1.0,1,F,confluence
0,,,,,,,,,,,,,,,,,,,,,,,,,,,,,,,,,,,,2+,F,confluence
7,0.14285714285714285,0.8571428571428571,0.0,-2.6164316266083816,-2.191910806056247,0.5019751205853643,0.5019751205853643,-3.136166084474006,-2.3907278234820275,0.1600601202437769,0.02721795709117615,4.607338797489891,169.2757021423755,-164.66836334488562,-2.6164316266083816,-18.31502138625867,,3.0,-9.567270995283229,-9.567270995283229,-9.567270995283229,3.19826178096263,3.1213919792851113,0.7249639924167518,-2.659317874614353,0.4416403541643821,-1.9988201067831568,0.42857142857142855,0.2857142857142857,0.14285714285714285,0.5714285714285714,0.14285714285714285,0.0,0.0,5.0,2-5,D_noconf,price
5,0.4,0.6,0.0,-0.8945933511354698,-0.6236284727353509,0.8149884442796393,0.8149884442796393,-2.0343145480788762,-2.175162218258703,0.40062066362809096,0.40075659081822457,26.56833242803806,66.29543477698897,-39.7271023489509,-0.8945933511354698,-5.178110995949182,-734.3335874023477,2.0,-3.304152953242574,-3.927781425977925,-5.178110995949182,1.8295304994462331,1.4653059118510305,2.413376960330902,-1.3791535058032989,1.5829368241998123,-1.1432393767351272,0.6,0.6,0.4,0.4,0.4,0.0,0.0,4.0,5-10,D_noconf,price
5,0.0,1.0,0.0,-1.2967317525989794,-1.4323946021277332,,,-1.2967317525989794,-1.4323946021277332,,0.0,0.0,144.93743439703954,-144.93743439703954,-1.2967317525989794,-6.483658762994897,,5.0,-1.7444551110708748,-3.128522260280854,-6.483658762994897,0.6418893794096908,0.6418893794096908,0.5528481670742718,-1.7786134430390148,0.5293017367008749,-1.537702468867237,0.6,0.2,0.0,0.4,0.2,0.0,0.0,5.0,10-20,D_noconf,price
0,,,,,,,,,,,,,,,,,,,,,,,,,,,,,,,,,,,,10-20,D_noconf,gap
9,0.1111111111111111,0.8888888888888888,0.0,-1.6274337598282385,-1.6968586715766056,0.5019751205853643,0.5019751205853643,-1.8936098698799388,-1.7736872567356148,0.2650889861580576,0.022167034049925035,4.607338797489891,207.84642578313145,-203.23908698564156,-1.6274337598282385,-14.646903838454147,,4.0,-4.049417611406375,-11.022598430270165,-14.646903838454145,1.1058771808710073,0.9918338763962515,0.757254050709773,-1.8285791146691959,0.4416403541643821,-1.8358261573194676,0.4444444444444444,0.2222222222222222,0.1111111111111111,0.5555555555555556,0.2222222222222222,0.0,0.0,6.0,20-50,D_noconf,gap
6,0.3333333333333333,0.6666666666666666,0.0,-0.8513798933856557,-0.986774594853351,0.8149884442796393,0.8149884442796393,-1.6845640622183031,-1.9598086646647888,0.48379783384814057,0.24794715770154552,26.56833242803806,107.1532042324051,-80.58487180436703,-0.8513798933856557,-5.813423600585767,-824.4304170086807,2.0,-2.5895448409078075,-4.333999951978682,-5.58432952194994,1.518956113913654,1.1802822835497033,1.989782227841226,-1.479181191726753,0.9141382900146875,-1.5093999845231765,0.6666666666666666,0.5,0.3333333333333333,0.3333333333333333,0.16666666666666666,0.0,0.0,4.0,50-100,D_noconf,gap
2,0.0,1.0,0.0,-4.758231853081419,-4.758231853081419,,,-4.758231853081419,-4.758231853081419,,0.0,0.0,65.50894130086749,-65.50894130086749,-4.758231853081419,-9.516463706162838,,2.0,-9.338176916647402,-9.338176916647402,-9.338176916647402,6.477020423818721,6.477020423818721,0.5759468802539076,-4.535880342064379,0.5759468802539076,-4.535880342064379,0.5,0.5,0.0,0.5,0.5,0.0,0.0,2.0,>100,D_noconf,gap
4,0.0,1.0,0.0,-1.8806880947358557,-1.7974854764827493,,,-1.8806880947358557,-1.7974854764827493,,0.0,0.0,89.59036854093974,-89.59036854093974,-1.8806880947358557,-7.522752378943423,,4.0,-3.304152953242574,-5.778297267872549,-7.522752378943424,1.0993817789023341,1.0993817789023341,0.6214424378343502,-1.7877460143369603,0.4514164635687943,-1.97038378844825,0.5,0.25,0.0,0.5,0.25,0.0,0.0,3.0,<20,D_noconf,pullback_depth
6,0.3333333333333333,0.6666666666666666,0.0,-0.9539423224072641,-1.4320290954159907,0.713403884436405,0.713403884436405,-1.7876154258290986,-1.5646266368521693,0.39908129798417197,0.16357583140797086,21.5872757455301,131.97105929230923,-110.38378354677914,-0.9539423224072641,-5.723653934443584,,2.0,-2.5895448409078075,-2.62654713969549,-5.723653934443584,1.3662902681311633,1.0163630912920927,0.961038220593168,-1.5685982328339776,0.5415226690813343,-1.4950798816075692,0.5,0.3333333333333333,0.3333333333333333,0.5,0.16666666666666666,0.0,0.0,6.0,20-35,D_noconf,pullback_depth
6,0.16666666666666666,0.8333333333333334,0.0,-2.3083463955475345,-1.210502442346037,0.7051442402718331,0.7051442402718331,-2.911044522711408,-2.191910806056247,0.2422306614586049,0.07969331732733798,9.588395479997851,120.3161795940028,-110.72778411400496,-2.3083463955475345,-13.850078373285207,,4.0,-8.862126755011396,-8.862126755011396,-8.862126755011396,3.6734010784675335,3.5674596924469113,1.9423124181744538,-2.687118688210979,1.0484744373575459,-1.624575013041924,0.6666666666666666,0.5,0.16666666666666666,0.3333333333333333,0.16666666666666666,0.0,0.0,4.0,35-50,D_noconf,pullback_depth
1,0.0,1.0,0.0,-2.175162218258703,-2.175162218258703,,,-2.175162218258703,-2.175162218258703,,0.0,0.0,38.63096388915227,-38.63096388915227,-2.175162218258703,-2.175162218258703,,1.0,-2.175162218258703,-2.175162218258703,-2.175162218258703,,,0.0,-1.7187742828944572,0.0,-1.7187742828944572,0.0,0.0,0.0,1.0,1.0,0.0,0.0,1.0,>50,D_noconf,pullback_depth
15,0.13333333333333333,0.8666666666666667,0.0,-1.8968016294764993,-1.6968586715766056,0.6035596804285988,0.6035596804285988,-2.281472600231129,-1.850515841894624,0.26454829234743116,0.041363523112736875,14.195734277487743,343.1945155831399,-328.99878130565213,-1.8968016294764993,-28.45202444214749,,7.0,-8.862126755011396,-11.022598430270165,-19.589897687136087,2.373557518855944,2.290464274444949,1.1388310331375346,-2.1126554779144104,0.4416403541643821,-1.7187742828944572,0.4666666666666667,0.3333333333333333,0.13333333333333333,0.5333333333333333,0.26666666666666666,0.0,0.0,10.0,1,D_noconf,pullback_number
2,0.5,0.5,0.0,-0.4098112313917146,-0.4098112313917146,0.9248326482874456,0.9248326482874456,-1.7444551110708748,-1.7444551110708748,0.5301556012637754,0.4550547136826828,16.97993694804021,37.3140557332642,-20.33411878522399,-0.4098112313917146,-1.7444551110708748,,1.0,-1.7444551110708748,-1.7444551110708748,-0.8196224627834292,1.8874714755805135,1.2335160385137476,1.411704043440055,-1.3571138488979406,1.411704043440055,-1.3571138488979406,1.0,0.5,0.5,0.0,0.0,0.0,0.0,2.0,2,D_noconf,pullback_number
0,,,,,,,,,,,,,,,,,,,,,,,,,,,,,,,,,,,,3+,D_noconf,pullback_number
11,0.18181818181818182,0.8181818181818182,0.0,-1.9570894050973306,-1.6968586715766056,0.6035596804285988,0.6035596804285988,-2.5261225352142036,-1.7444551110708748,0.23892731726785363,0.05289628796228417,14.195734277487743,268.36919610709754,-254.17346182960975,-1.9570894050973306,-21.527983456070636,,5.0,-8.862126755011396,-8.862126755011396,-12.665856701059239,2.7328612806855532,2.628283704930367,1.3858766150403683,-2.1644307763813533,0.5293017367008749,-1.7187742828944572,0.5454545454545454,0.36363636363636365,0.18181818181818182,0.45454545454545453,0.36363636363636365,0.0,0.0,8.0,5-8,D_noconf,push_pct
5,0.2,0.8,0.0,-1.0251818852316308,-1.4323946021277332,0.9248326482874456,0.9248326482874456,-1.5126855186113999,-1.6414552220111784,0.611384611612078,0.1943336320253779,16.97993694804021,87.37518447564861,-70.3952475276084,-1.0251818852316308,-5.125909426158154,,3.0,-2.5895448409078075,-2.5895448409078075,-5.125909426158154,1.3976782335357596,1.105825021127026,0.8439180928669394,-1.564692220277306,0.7735903536476463,-1.537702468867237,0.6,0.4,0.2,0.4,0.0,0.0,0.0,5.0,8-15,D_noconf,push_pct
1,0.0,1.0,0.0,-2.617754022702127,-2.617754022702127,,,-2.617754022702127,-2.617754022702127,,0.0,0.0,24.764190733657923,-24.764190733657923,-2.617754022702127,-2.617754022702127,,1.0,-2.617754022702127,-2.617754022702127,-2.617754022702127,,,0.4416403541643821,-2.7718602249306263,0.4416403541643821,-2.7718602249306263,0.0,0.0,0.0,1.0,0.0,0.0,0.0,1.0,>15,D_noconf,push_pct
1,0.0,1.0,0.0,-2.191910806056247,-2.191910806056247,,,-2.191910806056247,-2.191910806056247,,0.0,0.0,26.99609863826021,-26.99609863826021,-2.191910806056247,-2.191910806056247,,1.0,-2.191910806056247,-2.191910806056247,-2.191910806056247,,,0.9450551142072764,-1.8358261573194676,0.9450551142072764,-1.8358261573194676,1.0,0.0,0.0,0.0,0.0,0.0,0.0,1.0,<2,D_noconf,rvol
2,0.0,1.0,0.0,-1.0280115374315422,-1.0280115374315422,,,-1.0280115374315422,-1.0280115374315422,,0.0,0.0,36.51345754671185,-36.51345754671185,-1.0280115374315422,-2.0560230748630843,,2.0,-1.4323946021277332,-1.4323946021277332,-2.0560230748630843,0.5718840144873503,0.5718840144873503,1.1782635889237292,-1.3107197054570452,1.1782635889237292,-1.3107197054570452,1.0,0.5,0.0,0.0,0.0,0.0,0.0,2.0,2-5,D_noconf,rvol
7,0.2857142857142857,0.7142857142857143,0.0,-0.8504679686530109,-1.4316635887042484,0.713403884436405,0.713403884436405,-1.476016709888777,-1.7444551110708748,0.4833304932504202,0.16166206009005263,21.5872757455301,133.53334563165328,-111.94606988612318,-0.8504679686530109,-5.953275780571076,,3.0,-1.7444551110708748,-2.780204310013508,-5.953275780571076,1.2466310661815205,0.9573840451568709,0.9534049238742931,-1.4784341822219385,0.5293017367008749,-1.4524572943479013,0.5714285714285714,0.42857142857142855,0.2857142857142857,0.42857142857142855,0.2857142857142857,0.0,0.0,5.0,>5,D_noconf,rvol
16,0.1875,0.8125,0.0,-1.7204494871162526,-1.5646266368521693,0.7106506697148811,0.7051442402718331,-2.281472600231129,-1.850515841894624,0.3114877073881524,0.09083965451066642,31.17567122552795,343.1945155831399,-312.0188443576119,-1.7204494871162526,-27.52719179386004,,5.0,-8.862126755011396,-11.022598430270165,-18.665065038848645,2.399123074264955,2.26733973842305,1.2110357404526408,-2.032085597353233,0.6076153539060142,-1.628238375880847,0.5,0.375,0.1875,0.5,0.25,0.0,0.0,10.0,0,D_noconf,confluence
1,0.0,1.0,0.0,-1.7444551110708748,-1.7444551110708748,,,-1.7444551110708748,-1.7444551110708748,,0.0,0.0,37.3140557332642,-37.3140557332642,-1.7444551110708748,-1.7444551110708748,,1.0,-1.7444551110708748,-1.7444551110708748,-1.7444551110708748,,,0.5293017367008749,-1.890690308860313,0.5293017367008749,-1.890690308860313,1.0,0.0,0.0,0.0,0.0,0.0,0.0,1.0,1,D_noconf,confluence
0,,,,,,,,,,,,,,,,,,,,,,,,,,,,,,,,,,,,2+,D_noconf,confluence
7,0.14285714285714285,0.8571428571428571,0.0,-2.666838341762958,-2.191910806056247,0.1491281145033277,0.1491281145033277,-3.136166084474006,-2.3907278234820275,0.04755108960638457,0.006234851645404192,1.05540889002934,169.2757021423755,-168.22029325234618,-2.666838341762958,-18.667868392340708,,3.0,-9.567270995283229,-9.567270995283229,-9.567270995283229,3.143229355816064,3.1213919792851113,0.7477997419020534,-2.7647330259321374,0.4416403541643821,-1.9988201067831568,0.42857142857142855,0.2857142857142857,0.14285714285714285,0.5714285714285714,0.14285714285714285,0.0,0.0,5.0,2-5,E_noconf,price
5,0.2,0.8,0.0,-1.1544328848200878,-0.6236284727353509,0.7051442402718331,0.7051442402718331,-1.6193271660930677,-1.399395345497027,0.43545507976200176,0.13841731204748553,9.588395479997851,69.27164917570752,-59.683253695709666,-1.1544328848200878,-6.477308664372272,-918.5792486761673,4.0,-3.304152953242574,-4.302146446113568,-6.477308664372271,1.5820454344208579,1.3952341692130674,2.454633665058695,-1.7143638571031687,1.5829368241998123,-1.7187742828944572,0.6,0.6,0.4,0.4,0.4,0.0,0.0,4.0,5-10,E_noconf,price
5,0.0,1.0,0.0,-1.2967317525989794,-1.4323946021277332,,,-1.2967317525989794,-1.4323946021277332,,0.0,0.0,144.93743439703954,-144.93743439703954,-1.2967317525989794,-6.483658762994897,,5.0,-1.7444551110708748,-3.128522260280854,-6.483658762994897,0.6418893794096908,0.6418893794096908,0.5528481670742718,-1.7786134430390148,0.5293017367008749,-1.537702468867237,0.6,0.2,0.0,0.4,0.2,0.0,0.0,5.0,10-20,E_noconf,price
0,,,,,,,,,,,,,,,,,,,,,,,,,,,,,,,,,,,,10-20,E_noconf,gap
9,0.1111111111111111,0.8888888888888888,0.0,-1.6666389827262427,-1.6968586715766056,0.1491281145033277,0.1491281145033277,-1.8936098698799388,-1.7736872567356148,0.07875334665042853,0.005077830355045708,1.05540889002934,207.84642578313145,-206.79101689310212,-1.6666389827262427,-14.999750844536184,,4.0,-4.049417611406375,-11.375445436352202,-14.999750844536182,1.0241869446780387,0.9918338763962515,0.775015189198341,-1.9105686768052503,0.4416403541643821,-1.8358261573194676,0.4444444444444444,0.2222222222222222,0.1111111111111111,0.5555555555555556,0.2222222222222222,0.0,0.0,6.0,20-50,E_noconf,gap
6,0.16666666666666666,0.8333333333333334,0.0,-1.067912838122837,-1.0594100656032592,0.7051442402718331,0.7051442402718331,-1.4225242538017713,-1.7444551110708748,0.49569927429166694,0.08706479702861226,9.588395479997851,110.12941863112366,-100.54102315112578,-1.067912838122837,-7.112621269008856,-1008.6760782825002,5.0,-2.5895448409078075,-4.333999951978682,-6.883527190373028,1.2905372121054024,1.1172525682042203,2.0241628151143876,-1.7585231511433115,0.9141382900146875,-1.8047322958773853,0.6666666666666666,0.5,0.3333333333333333,0.3333333333333333,0.16666666666666666,0.0,0.0,5.0,50-100,E_noconf,gap
2,0.0,1.0,0.0,-4.758231853081419,-4.758231853081419,,,-4.758231853081419,-4.758231853081419,,0.0,0.0,65.50894130086749,-65.50894130086749,-4.758231853081419,-9.516463706162838,,2.0,-9.338176916647402,-9.338176916647402,-9.338176916647402,6.477020423818721,6.477020423818721,0.5759468802539076,-4.535880342064379,0.5759468802539076,-4.535880342064379,0.5,0.5,0.0,0.5,0.5,0.0,0.0,2.0,>100,E_noconf,gap
4,0.0,1.0,0.0,-1.8806880947358557,-1.7974854764827493,,,-1.8806880947358557,-1.7974854764827493,,0.0,0.0,89.59036854093974,-89.59036854093974,-1.8806880947358557,-7.522752378943423,,4.0,-3.304152953242574,-5.778297267872549,-7.522752378943424,1.0993817789023341,1.0993817789023341,0.6214424378343502,-1.7877460143369603,0.4514164635687943,-1.97038378844825,0.5,0.25,0.0,0.5,0.25,0.0,0.0,3.0,<20,E_noconf,pullback_depth
5,0.2,0.8,0.0,-1.4002667177626134,-1.4323946021277332,0.1491281145033277,0.1491281145033277,-1.7876154258290986,-1.5646266368521693,0.0834229288629918,0.007997275279056922,1.05540889002934,131.97105929230923,-130.91565040227988,-1.4002667177626134,-7.0013335888130666,,2.0,-2.5895448409078075,-2.979394145777526,-7.0013335888130666,0.9880525734962264,0.9301433018202463,0.7263946439553768,-1.8651916134585576,0.3094549845150223,-1.7380849229392492,0.4,0.2,0.2,0.6,0.2,0.0,0.0,5.0,20-35,E_noconf,pullback_depth
7,0.14285714285714285,0.8571428571428571,0.0,-2.0320633419172642,-0.3743650201356435,0.7051442402718331,0.7051442402718331,-2.488264605615447,-1.2831379130959453,0.2833879639168933,0.07776956201015861,9.588395479997851,123.29239399272136,-113.70399851272352,-2.0320633419172642,-14.224443393420849,,5.0,-8.862126755011396,-8.862126755011396,-8.862126755011396,3.4320871952989336,3.3476678087355887,2.022037768980703,-2.6603287535286846,1.1518937605078152,-1.8358261573194676,0.7142857142857143,0.5714285714285714,0.2857142857142857,0.2857142857142857,0.14285714285714285,0.0,0.0,5.0,35-50,E_noconf,pullback_depth
1,0.0,1.0,0.0,-2.175162218258703,-2.175162218258703,,,-2.175162218258703,-2.175162218258703,,0.0,0.0,38.63096388915227,-38.63096388915227,-2.175162218258703,-2.175162218258703,,1.0,-2.175162218258703,-2.175162218258703,-2.175162218258703,,,0.0,-1.7187742828944572,0.0,-1.7187742828944572,0.0,0.0,0.0,1.0,1.0,0.0,0.0,1.0,>50,E_noconf,pullback_depth
15,0.13333333333333333,0.8666666666666667,0.0,-1.9203247632153018,-1.6968586715766056,0.42713617738758036,0.42713617738758036,-2.281472600231129,-1.850515841894624,0.18721950784958297,0.031013911606197264,10.64380437002719,343.1945155831399,-332.55071121311266,-1.9203247632153018,-28.804871448229527,,7.0,-8.862126755011396,-11.375445436352202,-19.942744693218124,2.3497150691671536,2.290464274444949,1.1494877162306751,-2.1618492151960433,0.4416403541643821,-1.7380849229392492,0.4666666666666667,0.3333333333333333,0.13333333333333333,0.5333333333333333,0.26666666666666666,0.0,0.0,10.0,1,E_noconf,pullback_number
2,0.0,1.0,0.0,-1.0594100656032592,-1.0594100656032592,,,-1.0594100656032592,-1.0594100656032592,,0.0,0.0,40.29027013198275,-40.29027013198275,-1.0594100656032592,-2.1188201312065185,,2.0,-1.7444551110708748,-1.7444551110708748,-2.1188201312065185,0.9687999941367957,0.9687999941367957,1.5148458052595388,-2.195139727147615,1.5148458052595388,-2.195139727147615,1.0,0.5,0.5,0.0,0.0,0.0,0.0,2.0,2,E_noconf,pullback_number
0,,,,,,,,,,,,,,,,,,,,,,,,,,,,,,,,,,,,3+,E_noconf,pullback_number
12,0.16666666666666666,0.8333333333333334,0.0,-1.8545996235240265,-1.564261130140427,0.42713617738758036,0.42713617738758036,-2.3109467837063478,-1.7206568913237401,0.1848316804173785,0.03922603426454139,10.64380437002719,271.34541050581606,-260.70160613578884,-1.8545996235240265,-22.25519548228832,,6.0,-8.862126755011396,-8.862126755011396,-13.39306872727692,2.6190461189999126,2.553152761053495,1.492073573804947,-2.2538528120711914,0.7371784254540756,-1.7869555401293584,0.5833333333333334,0.4166666666666667,0.25,0.4166666666666667,0.3333333333333333,0.0,0.0,8.0,5-8,E_noconf,push_pct
4,0.0,1.0,0.0,-1.5126855186113999,-1.6414552220111784,,,-1.5126855186113999,-1.6414552220111784,,0.0,0.0,87.37518447564861,-87.37518447564861,-1.5126855186113999,-6.0507420744455995,,4.0,-2.5895448409078075,-2.5895448409078075,-6.0507420744455995,1.0100861228675897,1.0100861228675897,0.4813710285388654,-1.7499809281127403,0.38679517682382314,-1.7682612878251969,0.5,0.25,0.0,0.5,0.0,0.0,0.0,4.0,8-15,E_noconf,push_pct
1,0.0,1.0,0.0,-2.617754022702127,-2.617754022702127,,,-2.617754022702127,-2.617754022702127,,0.0,0.0,24.764190733657923,-24.764190733657923,-2.617754022702127,-2.617754022702127,,1.0,-2.617754022702127,-2.617754022702127,-2.617754022702127,,,0.4416403541643821,-2.7718602249306263,0.4416403541643821,-2.7718602249306263,0.0,0.0,0.0,1.0,0.0,0.0,0.0,1.0,>15,E_noconf,push_pct
1,0.0,1.0,0.0,-2.191910806056247,-2.191910806056247,,,-2.191910806056247,-2.191910806056247,,0.0,0.0,26.99609863826021,-26.99609863826021,-2.191910806056247,-2.191910806056247,,1.0,-2.191910806056247,-2.191910806056247,-2.191910806056247,,,0.9450551142072764,-1.8358261573194676,0.9450551142072764,-1.8358261573194676,1.0,0.0,0.0,0.0,0.0,0.0,0.0,1.0,<2,E_noconf,rvol
2,0.0,1.0,0.0,-1.0280115374315422,-1.0280115374315422,,,-1.0280115374315422,-1.0280115374315422,,0.0,0.0,36.51345754671185,-36.51345754671185,-1.0280115374315422,-2.0560230748630843,,2.0,-1.4323946021277332,-1.4323946021277332,-2.0560230748630843,0.5718840144873503,0.5718840144873503,1.1782635889237292,-1.3107197054570452,1.1782635889237292,-1.3107197054570452,1.0,0.5,0.0,0.0,0.0,0.0,0.0,2.0,2-5,E_noconf,rvol
6,0.16666666666666666,0.8333333333333334,0.0,-1.2051592391567596,-1.5880593498875615,0.1491281145033277,0.1491281145033277,-1.476016709888777,-1.7444551110708748,0.10103416411496115,0.00790371038063141,1.05540889002934,133.53334563165328,-132.47793674162392,-1.2051592391567596,-7.230955434940557,,4.0,-2.175162218258703,-3.1330513160955444,-7.230955434940557,0.9579244694763315,0.9168101732775723,0.7565963938896547,-1.710567990973748,0.4193783606079486,-1.728429602916853,0.5,0.3333333333333333,0.16666666666666666,0.5,0.3333333333333333,0.0,0.0,5.0,>5,E_noconf,rvol
16,0.125,0.875,0.0,-1.823702279272823,-1.5646266368521693,0.42713617738758036,0.42713617738758036,-2.1452506302243086,-1.7736872567356148,0.19910782048944964,0.03074726846658871,10.64380437002719,346.1707299818584,-335.52692561183125,-1.823702279272823,-29.17923646836517,,8.0,-8.862126755011396,-11.749810456487847,-20.317109713353773,2.3027066645517875,2.2487909928209526,1.2339191010798958,-2.182957960835973,0.6076153539060142,-1.7869555401293584,0.5,0.375,0.1875,0.5,0.25,0.0,0.0,10.0,0,E_noconf,confluence
1,0.0,1.0,0.0,-1.7444551110708748,-1.7444551110708748,,,-1.7444551110708748,-1.7444551110708748,,0.0,0.0,37.3140557332642,-37.3140557332642,-1.7444551110708748,-1.7444551110708748,,1.0,-1.7444551110708748,-1.7444551110708748,-1.7444551110708748,,,0.5293017367008749,-1.890690308860313,0.5293017367008749,-1.890690308860313,1.0,0.0,0.0,0.0,0.0,0.0,0.0,1.0,1,E_noconf,confluence
0,,,,,,,,,,,,,,,,,,,,,,,,,,,,,,,,,,,,2+,E_noconf,confluence
