trades,win_rate,loss_rate,be_rate,avg_r,median_r,avg_winner_r,median_winner_r,avg_loser_r,median_loser_r,realized_rr,profit_factor,gross_profit,gross_loss,net_pnl,expectancy_r,max_dd_r,max_dd_pct,longest_losing_streak,worst_day_r,worst_week_r,worst_month_r,stdev_r,downside_dev_r,avg_mfe_r,avg_mae_r,median_mfe_r,median_mae_r,pct_reach_0p5r,pct_reach_1r,pct_reach_2r,pct_stopped_before_0p5r,ambiguous_share,halt_share,participation_capped_share,sessions,variant,cost_model,ambiguity_policy
3812,0.3323714585519412,0.6668415529905561,0.0007869884575026233,-0.4038701005465245,-1.0,0.9802689661065929,0.5,-1.0942356250283753,-1.0,0.8958481552647062,0.4754275139160567,19056.180771355874,40082.20015369263,-21026.019382336694,-0.4038701005465245,-1544.4408536040942,-44414.739357776394,19.0,-11.059280324985913,-23.192700738735994,-47.34028222744499,1.0428415495176944,0.5580794188039405,1.1090808281809212,-1.324952646458074,0.7647058823529409,-1.19622727148908,0.6172612801678908,0.42444910807974817,0.1959601259181532,0.3824763903462749,0.41054564533053517,0.004984260230849948,0.016002098635886673,1466.0,A,gross,pessimistic
3701,0.4941907592542556,0.5039178600378276,0.0018913807079167792,-0.05342728000372053,-0.497451260797612,0.9902171492843456,0.550000000000008,-1.0770562886595083,-1.0,0.9193736295033923,0.9296277223015942,27075.53437717265,29125.13657632585,-2049.602199153191,-0.05342728000372053,-220.84315256561828,-1628.0804807147447,11.0,-9.01055520775261,-14.506905572716114,-18.89875993764423,1.1246538448711154,0.59735168082113,1.3307479949284609,-1.4307862931612878,1.0000000000000222,-1.2692307692307705,0.6973790867333153,0.5171575249932451,0.26317211564442045,0.3023507160226966,0.41394217778978654,0.006754931099702783,0.01621183463928668,1466.0,A,gross,optimistic
2138,0.5631431244153414,0.4354536950420954,0.001403180542563143,0.11751243638562811,0.494949494949495,0.9834356210057743,0.5,-1.001942270870254,-1.0,0.98152922538301,1.2794269154740148,18150.901699914204,14186.743674365705,3964.1580255484855,0.11751243638562811,-19.958319338623575,-7.708271723388263,12.0,-6.0,-8.003597122302159,-9.901836186342047,1.0577359897419758,0.49949279892771103,1.4041192253952601,-1.143479529699906,1.114965830690268,-0.9967322572510171,0.744621141253508,0.5729653882132835,0.2909260991580917,0.254911131898971,0.0,0.00841908325537886,0.021983161833489244,1122.0,A,gross,exclude
3803,0.22929266368656323,0.7457270575861162,0.024980278727320535,-1.0550993604408545,-1.5083734581682573,0.7537365620763793,0.9558978465356346,-1.6466513155306746,-1.6151390633747886,0.45773902159332913,0.17229202543718777,11002.433825297234,63859.21691603988,-52856.783090742734,-1.0550993604408545,-4013.9775620114215,-658763.5700130493,27.0,-20.71974844621216,-41.208966394151155,-101.05029680900421,1.1246840798524764,0.832173762415123,0.9571473514922515,-1.5823367379296398,0.5512476757864444,-1.4497834098972788,0.5174861951091244,0.35840126216145146,0.176176702603208,0.48251380489087564,0.4107283723376282,0.005521956350249803,0.016039968445963712,1466.0,A,low,pessimistic
3684,0.33903365906623234,0.6251357220412594,0.035830618892508145,-0.7193774167817557,-1.3688360489877391,0.7676577950902704,0.9634397310652916,-1.56737971078704,-1.5863915175929897,0.4897714253968496,0.3210315769192394,15799.520459054995,49214.84861605878,-33415.328157003816,-0.7193774167817557,-2652.6158055830283,-615043.5509848304,15.0,-20.71974844621216,-35.425686341020864,-77.4111410670058,1.2362639193960396,0.9036908055311063,1.1886510539598074,-1.6931932187329408,0.8137475600788727,-1.5301782615963524,0.6058631921824105,0.4505971769815418,0.24375678610206297,0.3941368078175896,0.4139522258414767,0.007328990228013029,0.016286644951140065,1466.0,A,low,optimistic
2132,0.3869606003752345,0.5698874296435272,0.043151969981238276,-0.548735637307146,-1.2097529622324719,0.757532436781749,0.9604185948345244,-1.4773540651740684,-1.550173548115239,0.5127629555021349,0.40985466487292566,10474.43821279198,25556.469428107037,-15082.03121531505,-0.548735637307146,-1174.7351881879383,-29328.528835043504,17.0,-20.71974844621216,-32.85363718246258,-52.5368896277716,1.1843574616223231,0.8326215701523696,1.2614970755309554,-1.4202150637127937,0.9753656644878366,-1.2616015620509335,0.6599437148217636,0.49437148217636023,0.2673545966228893,0.3400562851782364,0.0,0.009380863039399626,0.02204502814258912,1122.0,A,low,exclude
3627,0.14254204576785223,0.8384339674662256,0.01902398676592225,-1.740812425875851,-2.052301781174332,0.7116056061721464,0.7794992984656335,-2.1972508267505413,-2.219710242986164,0.3238617992578125,0.07512805537674302,6433.877127560461,85638.80823610617,-79204.9311085455,-1.740812425875851,-6313.926668651712,,45.0,-23.80482947882304,-59.059547687796005,-148.08480114461975,1.3270091730004216,1.1439628916025686,0.7830921476216358,-1.9480825838963,0.2277182008285833,-1.812507213855505,0.4044665012406948,0.2985938792390405,0.1494347945960849,0.5952577888061759,0.4141163496002206,0.006617038875103391,0.01626688723462917,1453.0,A,realistic,pessimistic
3505,0.21597717546362338,0.755206847360913,0.028815977175463622,-1.4139870056887618,-1.8842914638923576,0.7225441290876813,0.7800702127218054,-2.078993871022497,-2.150848121825162,0.34754509821249135,0.13636026376898366,9475.395639021823,69487.95328729105,-60012.55764826932,-1.4139870056887618,-4956.27552249046,,30.0,-23.80482947882304,-50.63975122645986,-124.45969420650434,1.4873082088121494,1.2683911746882888,1.0112415610914267,-2.0693963191287836,0.4937037834488371,-1.9000151780006715,0.49415121255349503,0.38601997146932954,0.21540656205420827,0.5055634807417975,0.4182596291012839,0.008273894436519259,0.016547788873038517,1453.0,A,realistic,optimistic
2017,0.2404561229548835,0.7268220128904314,0.03272186415468518,-1.2172116812744311,-1.7413158830620503,0.711024269644667,0.7798193896092309,-1.9099595000991783,-2.050237290438007,0.37227190922516723,0.16427856476407549,6038.444752380431,36757.350303445804,-30718.905551065356,-1.2172116812744311,-2457.1835292686533,-118844.13790087056,23.0,-23.80482947882304,-40.39482632309648,-76.87998460243955,1.4052431152678224,1.1746149483272115,1.0786632534209943,-1.7939953482827478,0.6840257797086117,-1.6667129068802573,0.5438770451165097,0.4303420922161626,0.23054040654437283,0.4556271690629648,0.0,0.010907288051561725,0.022806147744174516,1095.0,A,realistic,exclude
157,0.17197452229299362,0.7961783439490446,0.03184713375796178,-1.7982511194429267,-1.971232623422194,0.7252714817632756,0.8095219444749193,-2.416387336787718,-2.212456507830857,0.3001470297090004,0.08116629697769301,444.05772913377467,5470.962033118443,-5026.904303984667,-1.7982511194429267,-282.3254257525395,,19.0,-9.403324565974128,-12.104599490269562,-13.053875584842002,1.7590902566825184,1.5855341790550468,1.1093324870905064,-2.3215367768984922,0.5072780998802195,-1.828355261377112,0.5031847133757962,0.3630573248407643,0.1910828025477707,0.4968152866242038,0.42038216560509556,0.0,0.07006369426751592,122.0,A,stressed,pessimistic
149,0.2684563758389262,0.6845637583892618,0.04697986577181208,-1.2250276152541961,-1.6844501989682468,0.7931485792252494,0.8725745764084903,-2.1013828102419083,-2.0476120018761987,0.3774412617061159,0.20367548568786215,748.2107747346272,3673.5435892431315,-2925.3328145085034,-1.2250276152541961,-182.5291146728752,,12.0,-9.403324565974128,-9.403324565974128,-13.053875584842002,1.7920975495852265,1.5603304128869468,1.420623179819124,-2.5225425843474896,1.030655387559936,-1.9283448139838937,0.5973154362416108,0.5033557046979866,0.28187919463087246,0.40268456375838924,0.4228187919463087,0.013422818791946308,0.0738255033557047,122.0,A,stressed,optimistic
85,0.2823529411764706,0.6588235294117647,0.058823529411764705,-1.1228192949580529,-0.9765866845611836,0.7689460952409201,0.8725745764084903,-2.036339423134526,-1.9370032556883725,0.37761194745092425,0.21654677935058034,417.1036519233283,1926.1595724222461,-1509.0559204989174,-1.1228192949580529,-95.4396400714345,,10.0,-9.403324565974128,-9.403324565974128,-13.053875584842002,1.8892673650994773,1.6816937009530664,1.1731229991793104,-1.9503395984231522,1.030655387559936,-1.57365947612391,0.6235294117647059,0.5176470588235295,0.2823529411764706,0.3764705882352941,0.0,0.0,0.08235294117647059,70.0,A,stressed,exclude
2556,0.3172926447574335,0.6823161189358372,0.0003912363067292645,-0.4301310963434039,-1.0,0.9907194610240929,0.5387499999999986,-1.0911058286377748,-1.0,0.9079957553347392,0.45743200733957423,13129.589778563934,28702.822644453026,-15573.232865889091,-0.4301310963434039,-1101.3038237614542,-230385.16910285098,16.0,-9.731631314051594,-15.8195086044854,-31.814441427488767,1.0316779401724576,0.5475228853630152,1.082894863746104,-1.3348343643434037,0.7490855057182046,-1.2136281870698982,0.6240219092331768,0.41236306729264477,0.19444444444444445,0.37597809076682315,0.4327073552425665,0.0019561815336463224,0.005086071987480438,1161.0,B,gross,pessimistic
2482,0.4798549556809025,0.5185334407735697,0.0016116035455278,-0.07536912991180697,-1.0,1.0074735146578335,1.4999999999999998,-1.077613922993823,-1.0,0.9349113751786672,0.8962850482861904,18925.944996836744,21115.98875048237,-2190.0437536455997,-0.07536912991180697,-191.97738312730758,-38395.47662546152,12.0,-9.503597122302159,-12.503597122302159,-18.90736795061391,1.128088335924152,0.5932365709343045,1.3038599840681224,-1.4485030878601723,1.0000000000000047,-1.2939696170259727,0.6950040290088638,0.5048348106365834,0.2647058823529412,0.3049959709911362,0.4375503626107977,0.0028203062046736503,0.005237711522965351,1161.0,B,gross,optimistic
1376,0.5552325581395349,0.4440406976744186,0.0007267441860465116,0.108114270691455,0.4946802490096208,0.9923555272558199,1.0250000000000026,-0.9973721544222658,-1.0,0.9949701551780821,1.2487658567644033,12373.284509561383,9908.410325712302,2464.8741838490664,0.108114270691455,-18.290608342294366,-11.050886225844218,9.0,-7.503597122302159,-7.503597122302159,-8.38987929826439,1.0608436268935073,0.4969674855294751,1.3830610045506733,-1.1624076819418623,1.1270161290322671,-1.0,0.7478197674418605,0.565406976744186,0.2928779069767442,0.25218023255813954,0.0,0.0007267441860465116,0.007994186046511628,798.0,B,gross,exclude
2541,0.23652105470287288,0.7406532861078315,0.022825659189295553,-1.014131604230025,-1.4850539861059795,0.7667331981704382,0.9838144031069588,-1.6141416790170604,-1.5844509796573347,0.47500985083127534,0.1840131081388223,8111.838925573511,44082.94065362896,-35971.101728055444,-1.014131604230025,-2577.733780697885,,25.0,-14.988652226870133,-30.03559624586355,-63.78595141729936,1.1063595791737963,0.7954058674486033,0.9455518145636976,-1.561626935616141,0.5517134104412942,-1.4464376379143906,0.5186934277843369,0.3593073593073593,0.1786698150334514,0.48130657221566314,0.43211334120425027,0.0011806375442739079,0.005116096025186935,1161.0,B,low,pessimistic
2463,0.3520097442143727,0.6126674786845311,0.03532277710109622,-0.6703454917860339,-1.345306710356529,0.7845717886567127,1.0031798766277231,-1.5452563000155672,-1.5568154051766354,0.5077292282508791,0.34399816933004335,11669.295834157025,33922.5521370758,-22253.2563029188,-0.6703454917860339,-1653.0590593264262,,16.0,-14.98865617199893,-22.36031084585445,-47.76469897395333,1.2197188983589247,0.8663160513584404,1.1791567963025749,-1.677764896115375,0.8229156406163759,-1.5277889185296047,0.6037352821762079,0.45473000406008934,0.25253755582622817,0.39626471782379213,0.43645960211124646,0.0020300446609825416,0.005278116118554608,1161.0,B,low,optimistic
1370,0.40875912408759124,0.5496350364963504,0.041605839416058395,-0.4782964463382981,-0.8313155254960283,0.7709637427145839,0.9899475394734645,-1.4436612999016738,-1.5149603851286109,0.5340336703401922,0.45179201131013524,7614.308374481981,16853.570191295603,-9239.261816813647,-0.4782964463382981,-657.9521519683789,-35361.48757188342,14.0,-12.08489302307298,-12.08489302307298,-27.27255168478868,1.1624562353949035,0.7865529391319351,1.2614110949618047,-1.3994428705750093,1.023728627321335,-1.2500093921524709,0.6627737226277373,0.502919708029197,0.2773722627737226,0.3372262773722628,0.0,0.00072992700729927,0.008029197080291971,798.0,B,low,exclude
2428,0.15238879736408567,0.8253706754530478,0.022240527182866558,-1.643737038655339,-2.00695836728411,0.7202686799074521,0.8077129802786991,-2.1244135261902537,-2.1532166819614806,0.33904353885334276,0.08298539710892293,4829.735344453142,58199.82204958116,-53370.08670512797,-1.643737038655339,-3990.993529855163,,35.0,-22.68736169818639,-46.570412043564886,-107.78178056080989,1.284473488156728,1.0852510057809215,0.7860581672481236,-1.887234921655001,0.26461057702645396,-1.7739896523155618,0.4126853377265239,0.3035420098846787,0.1544481054365733,0.5869028006589786,0.43492586490939045,0.0016474464579901153,0.005354200988467875,1140.0,B,realistic,pessimistic
2348,0.23126064735945487,0.7350936967632027,0.03364565587734242,-1.313818443288644,-1.8309293648350495,0.7329204610256382,0.8089635018877697,-2.017900746638603,-2.098020375634171,0.3632093710488631,0.15006669911193857,7062.333714457874,47061.298450963455,-39998.96473650556,-1.313818443288644,-3085.096772393086,,24.0,-21.64309979190616,-45.57441661770052,-95.76188176167118,1.4541196949568804,1.2198843339440435,1.0136314040481478,-2.014474964626102,0.5341671899520943,-1.864428230100947,0.5063884156729132,0.39310051107325383,0.22572402044293016,0.49318568994889267,0.4408006814310051,0.002129471890971039,0.005536626916524702,1140.0,B,realistic,optimistic
1299,0.26250962278675904,0.6982294072363356,0.03926096997690531,-1.089036440329557,-1.6589823011951816,0.718778314995026,0.8089635018877697,-1.82978875920316,-1.9773765551676852,0.39282037960930577,0.18694320067552123,4447.524831004976,23790.78145091021,-19343.25661990525,-1.089036440329557,-1415.6632325028474,-140876.51929521523,19.0,-14.19531844253395,-18.506447258069585,-45.69630523782007,1.36047054481494,1.1107733763598004,1.1029267741130548,-1.7236492588426993,0.7307661361543677,-1.6231730166975504,0.5612009237875288,0.44187836797536567,0.24172440338722093,0.4380292532717475,0.0,0.0007698229407236335,0.008468052347959968,771.0,B,realistic,exclude
125,0.192,0.784,0.024,-1.595917817478757,-1.9328822045155765,0.7526589474742593,0.8355297590901722,-2.2207023315349157,-2.1995703909444053,0.3389283366735752,0.09776159414414053,408.97581373502436,4183.399598947077,-3774.4237852120523,-1.595917817478757,-199.52256738107963,-607555.9535432181,20.0,-8.154272182511075,-8.154272182511075,-11.793106130762373,1.5519608263268356,1.3387415122619366,0.9251428992818677,-1.9132689155848044,0.5312674549781968,-1.802536645896658,0.52,0.384,0.2,0.48,0.416,0.0,0.032,98.0,B,stressed,pessimistic
118,0.2711864406779661,0.6864406779661016,0.0423728813559322,-1.1303781692092063,-1.1330193067795844,0.750507810013096,0.8117208476729083,-1.943475159478681,-2.0499550458102385,0.386167945781418,0.18547640715875066,547.5502457665359,2952.128813331409,-2404.5785675648713,-1.1303781692092063,-133.41746416292136,-406262.6885910274,11.0,-8.154272182511075,-8.154272182511075,-10.710635334443117,1.6113239336623992,1.3800690517725311,1.1818198176422035,-2.0991491775184157,1.0930096498487685,-1.8463378460610915,0.6016949152542372,0.5254237288135594,0.2796610169491525,0.3983050847457627,0.4152542372881356,0.0,0.03389830508474576,98.0,B,stressed,optimistic
68,0.3235294117647059,0.6323529411764706,0.04411764705882353,-0.8767299568990476,-0.5686894214741469,0.7773703694347692,0.8725745764084903,-1.7859319014626802,-1.79282279880681,0.4352743622520556,0.27128691083136336,384.3766679156065,1416.8640379208773,-1032.487370005271,-0.8767299568990476,-59.65047726537025,-181638.61396716745,11.0,-8.154272182511075,-8.154272182511075,-8.154272182511075,1.6303120581808086,1.3843540430580639,1.32888033512838,-1.6717880581793276,1.30642982926366,-1.498654105907094,0.6617647058823529,0.5735294117647058,0.3235294117647059,0.3382352941176471,0.0,0.0,0.058823529411764705,58.0,B,stressed,exclude
553,0.3309222423146474,0.6690777576853526,0.0,-0.3629747476162584,-1.0,1.0439206988710232,1.5,-1.0588176306086166,-1.0,0.9859305971992264,0.5024498809410893,3264.5942604401826,6497.353038129082,-3232.7587776889045,-0.3629747476162584,-200.7250354317909,,16.0,-4.0,-5.0,-10.278293858810262,1.0521997335423299,0.5370434744977348,1.0484751399418861,-1.2880104882218175,0.7289130198529806,-1.180304364129006,0.6220614828209765,0.39059674502712477,0.19891500904159132,0.3779385171790235,0.3399638336347197,0.009041591320072333,0.03074141048824593,430.0,C,gross,pessimistic
548,0.46897810218978103,0.5291970802919708,0.0018248175182481751,-0.06605695697220165,-1.0,1.0411915490089334,1.5,-1.0475367196491256,-1.0,0.993942770194903,0.9096543044099282,4532.500830046753,4982.662983150376,-450.16215310362423,-0.06605695697220165,-36.19921242076651,,15.0,-5.200000000000061,-6.200000000000061,-6.542189264902744,1.1202336996134739,0.5631656298695991,1.2477622840632248,-1.360572067832559,0.9381241108043303,-1.2526595744680824,0.6934306569343066,0.48175182481751827,0.2645985401459854,0.30656934306569344,0.34124087591240876,0.010948905109489052,0.03102189781021898,430.0,C,gross,optimistic
360,0.5,0.5,0.0,0.025722162373450007,0.10688144366896295,1.0474304882966514,1.5,-0.9959861635497521,-1.0,1.051651646006355,1.037924466482547,3203.1310985180885,3086.092680109251,117.03841840884,0.025722162373450007,-16.09736551030669,-65.57291264824732,11.0,-2.4002351519237495,-4.0,-4.5888888888888895,1.087433255444564,0.5034208666784526,1.2730476043073435,-1.1753898547293915,1.0,-1.024404761904757,0.7305555555555555,0.5027777777777778,0.2777777777777778,0.26944444444444443,0.0,0.013888888888888888,0.041666666666666664,298.0,C,gross,exclude
553,0.2549728752260398,0.7269439421338155,0.018083182640144666,-0.9531823211806278,-1.4129745060652137,0.7367304752199455,0.954656363525401,-1.5701351135907458,-1.5098646209134712,0.4692146993229868,0.2015537476851152,1980.1897634130396,9824.623883980885,-7844.434120567846,-0.9531823211806278,-527.1098236128872,,19.0,-9.978490874976124,-9.978490874976124,-16.89186081267649,1.1206092440370294,0.813359298508001,0.9190520778594405,-1.4966903911625762,0.5520804122532599,-1.3879573092182589,0.515370705244123,0.352622061482821,0.17902350813743217,0.484629294755877,0.3399638336347197,0.009041591320072333,0.03074141048824593,430.0,C,low,pessimistic
548,0.3594890510948905,0.6186131386861314,0.021897810218978103,-0.6689110989210509,-1.3132603321940919,0.777843378553342,1.0103318716933596,-1.5341280493362173,-1.5083592114177002,0.5070263716838352,0.35960667573549415,2847.0035111950233,7916.992935050834,-5069.989423855813,-0.6689110989210509,-366.5632822087359,,15.0,-10.290991792867036,-10.290991792867036,-14.048209158338938,1.2251320569907438,0.8647627197443447,1.1181626238200395,-1.5742267891921975,0.7505440866373699,-1.4738073297463594,0.5967153284671532,0.4324817518248175,0.24452554744525548,0.4032846715328467,0.34124087591240876,0.010948905109489052,0.03102189781021898,430.0,C,low,optimistic
360,0.38333333333333336,0.5888888888888889,0.027777777777777776,-0.5877418518146283,-1.257417787059393,0.7389516498002642,0.9575393051549023,-1.4800372140107687,-1.4801776145798562,0.4992791010962293,0.38958713485464264,1933.20175374805,4962.180679989187,-3028.978926241134,-0.5877418518146283,-211.5870666532662,,13.0,-8.459621249527038,-8.459621249527038,-9.054877897289515,1.1806184220670666,0.8230425747259897,1.1527301995373305,-1.3901897323345378,0.8528543229515294,-1.256588354591248,0.6361111111111111,0.4527777777777778,0.25277777777777777,0.3638888888888889,0.0,0.013888888888888888,0.041666666666666664,298.0,C,low,exclude
533,0.17448405253283303,0.8048780487804879,0.020637898686679174,-1.49657916880894,-1.8218616405797805,0.7094727711735812,0.8231664495256339,-2.0130767264059926,-1.9740593471268453,0.3524320567950853,0.10252602722449582,1304.5819376919483,12724.397628666273,-11419.81569097433,-1.49657916880894,-797.676696975165,,22.0,-11.082512492594287,-11.082512492594287,-22.34275751777657,1.2938516422605384,1.0815112436493763,0.7839432147224243,-1.7833694094582295,0.2999870607788423,-1.688199597172912,0.425891181988743,0.31894934333958724,0.14821763602251406,0.574108818011257,0.3339587242026266,0.01125703564727955,0.03189493433395872,416.0,C,realistic,pessimistic
526,0.25475285171102663,0.7167300380228137,0.028517110266159697,-1.2117037082089415,-1.6895985938012374,0.7291878788332804,0.8849727034284234,-1.9498520960451802,-1.9525047094866383,0.37397086697615056,0.17767039978841107,1876.6063837783431,10562.290544813357,-8685.684161035002,-1.2117037082089415,-637.3561505179032,,18.0,-11.395014787321543,-11.395014787321543,-21.94509497748745,1.4169612347807985,1.1604459038579267,0.9716520270093911,-1.8608804971774509,0.5218147962279027,-1.7570511520022336,0.5,0.3897338403041825,0.21292775665399238,0.5,0.33460076045627374,0.011406844106463879,0.03231939163498099,416.0,C,realistic,optimistic
350,0.2571428571428571,0.7114285714285714,0.03142857142857143,-1.1149660817439278,-1.62163661885669,0.715533725815483,0.8383008033229179,-1.825656284608959,-1.8882971987069173,0.39193233241532355,0.18458186513383226,1265.409177494775,6855.544430528329,-5590.135253033546,-1.1149660817439278,-390.2381286103747,,15.0,-9.032382347890483,-9.032382347890483,-12.267651980478211,1.3441081888724675,1.0891238425049123,1.0120518748821152,-1.6736029066207305,0.635894665528518,-1.5492025828872782,0.5371428571428571,0.4114285714285714,0.2057142857142857,0.46285714285714286,0.0,0.017142857142857144,0.04285714285714286,289.0,C,realistic,exclude
65,0.18461538461538463,0.7846153846153846,0.03076923076923077,-1.6907701735717595,-2.183802304996099,0.7733255906061668,0.8377311245554702,-2.3355717736469717,-2.335632286090353,0.33110761113482146,0.09827516057088846,208.53990507397822,2122.000145942808,-1913.4602408688297,-1.6907701735717595,-109.90006128216437,,14.0,-8.466815685772724,-8.466815685772724,-8.466815685772724,1.4870110052139005,1.253669092255305,0.9134690893712127,-1.8350190015929146,0.3466796198150402,-1.7648783093428215,0.4307692307692308,0.35384615384615387,0.2153846153846154,0.5692307692307692,0.26153846153846155,0.07692307692307693,0.1076923076923077,57.0,C,stressed,pessimistic
64,0.234375,0.703125,0.0625,-1.4272964320890273,-1.9374279615830283,0.7683235243963673,0.8139197508708973,-2.284136695765242,-2.319988228879293,0.33637370557586527,0.14865980458799402,262.008948873633,1762.4733841120171,-1500.464435238384,-1.4272964320890273,-91.34697165369775,,10.0,-8.466815685772724,-8.466815685772724,-8.466815685772724,1.5531289041177119,1.301389344621068,1.03080959340735,-1.9417021469105307,0.4160171190807913,-1.9152091282474824,0.46875,0.40625,0.265625,0.53125,0.265625,0.078125,0.109375,57.0,C,stressed,optimistic
47,0.2553191489361702,0.7021276595744681,0.0425531914893617,-1.411554171106519,-1.9294313345451208,0.7733255906061668,0.8377311245554702,-2.2896104610859864,-2.261385501516288,0.3377542179115352,0.16918793052132938,208.53990507397822,1232.5932732399476,-1024.0533681659697,-1.411554171106519,-66.34304604200639,,9.0,-8.466815685772724,-8.466815685772724,-8.466815685772724,1.6133791937687894,1.3471665632469043,1.1520715011541685,-1.73910562393851,0.5688323482561963,-1.6793991360760427,0.5106382978723404,0.425531914893617,0.2978723404255319,0.48936170212765956,0.0,0.10638297872340426,0.1276595744680851,42.0,C,stressed,exclude
0,,,,,,,,,,,,,,,,,,,,,,,,,,,,,,,,,,,,D,gross,pessimistic
0,,,,,,,,,,,,,,,,,,,,,,,,,,,,,,,,,,,,D,gross,optimistic
0,,,,,,,,,,,,,,,,,,,,,,,,,,,,,,,,,,,,D,gross,exclude
0,,,,,,,,,,,,,,,,,,,,,,,,,,,,,,,,,,,,D,low,pessimistic
0,,,,,,,,,,,,,,,,,,,,,,,,,,,,,,,,,,,,D,low,optimistic
0,,,,,,,,,,,,,,,,,,,,,,,,,,,,,,,,,,,,D,low,exclude
199,0.1407035175879397,0.8391959798994975,0.020100502512562814,-1.6051421355357616,-1.9441830801839823,0.7867904624547447,0.940313309942677,-2.0450572995885845,-2.0501734347332894,0.38472783262015575,0.08966899225912632,406.42964521863234,4532.555067019467,-4126.125421800837,-1.6051421355357616,-319.42328497161657,,23.0,-7.485366789468201,-8.294351023210103,-9.997204217914803,1.3350819866329169,1.143265708588043,0.7884706885231975,-1.8420551549354072,0.2822609988282212,-1.710508309651768,0.4221105527638191,0.31155778894472363,0.1507537688442211,0.5778894472361809,0.271356783919598,0.020100502512562814,0.07537688442211055,169.0,D,realistic,pessimistic
0,,,,,,,,,,,,,,,,,,,,,,,,,,,,,,,,,,,,D,realistic,optimistic
0,,,,,,,,,,,,,,,,,,,,,,,,,,,,,,,,,,,,D,realistic,exclude
0,,,,,,,,,,,,,,,,,,,,,,,,,,,,,,,,,,,,D,stressed,pessimistic
0,,,,,,,,,,,,,,,,,,,,,,,,,,,,,,,,,,,,D,stressed,optimistic
0,,,,,,,,,,,,,,,,,,,,,,,,,,,,,,,,,,,,D,stressed,exclude
0,,,,,,,,,,,,,,,,,,,,,,,,,,,,,,,,,,,,E,gross,pessimistic
0,,,,,,,,,,,,,,,,,,,,,,,,,,,,,,,,,,,,E,gross,optimistic
0,,,,,,,,,,,,,,,,,,,,,,,,,,,,,,,,,,,,E,gross,exclude
0,,,,,,,,,,,,,,,,,,,,,,,,,,,,,,,,,,,,E,low,pessimistic
0,,,,,,,,,,,,,,,,,,,,,,,,,,,,,,,,,,,,E,low,optimistic
0,,,,,,,,,,,,,,,,,,,,,,,,,,,,,,,,,,,,E,low,exclude
162,0.13580246913580246,0.8333333333333334,0.030864197530864196,-1.6540722602132167,-1.9716778318198842,0.8293554986354525,0.9545922364623249,-2.1202843651428345,-2.161433058240655,0.3911529567778435,0.09276275890438943,330.90808180616193,3567.251402550768,-3236.3433207446064,-1.6540722602132167,-267.9597061545411,,25.0,-7.485366789468201,-8.294351023210103,-9.997204217914803,1.3871102545502312,1.1949108158707786,0.8028978532200709,-1.872641815745085,0.27523452567910783,-1.686159942278246,0.41975308641975306,0.32098765432098764,0.16049382716049382,0.5802469135802469,0.2777777777777778,0.024691358024691357,0.09259259259259259,138.0,E,realistic,pessimistic
0,,,,,,,,,,,,,,,,,,,,,,,,,,,,,,,,,,,,E,realistic,optimistic
0,,,,,,,,,,,,,,,,,,,,,,,,,,,,,,,,,,,,E,realistic,exclude
0,,,,,,,,,,,,,,,,,,,,,,,,,,,,,,,,,,,,E,stressed,pessimistic
0,,,,,,,,,,,,,,,,,,,,,,,,,,,,,,,,,,,,E,stressed,optimistic
0,,,,,,,,,,,,,,,,,,,,,,,,,,,,,,,,,,,,E,stressed,exclude
1649,0.3541540327471195,0.645239539114615,0.0006064281382656155,-0.3257496689394628,-1.0,0.9822053576907146,0.5,-1.043955952041872,-1.0,0.9408494254662954,0.5274618203623117,8421.519021933436,15966.120573710386,-7544.601551776922,-0.3257496689394628,-537.5719183668884,,19.0,-6.841420011156286,-9.5,-18.00326797385621,1.028103672256905,0.5251636622160755,1.1156021503935876,-1.3142885508867659,0.8000000000000047,-1.1666666666666703,0.6337174044875682,0.43056397816858705,0.20375985445724681,0.36628259551243175,0.33050333535476045,0.0006064281382656155,0.009702850212249849,899.0,F,gross,pessimistic
1627,0.4775660725261217,0.5205900430239705,0.0018438844499078057,-0.08066716321601687,-1.0,1.000970795597935,1.499999999999998,-1.0731571614678301,-1.0,0.9327345812321087,0.866981961979978,11391.98171878973,13139.81399656019,-1747.8322777704502,-0.08066716321601687,-131.65618883817373,,12.0,-11.374999999999993,-11.374999999999993,-19.31862398153821,1.1343653415333306,0.6149580187571272,1.2814192021470867,-1.4098545175295474,0.999999999999994,-1.2333333333333338,0.6828518746158574,0.49969268592501537,0.2599877074370006,0.3171481253841426,0.3343577135832821,0.0018438844499078057,0.009834050399508297,899.0,F,gross,optimistic
1072,0.5354477611940298,0.46361940298507465,0.0009328358208955224,0.06264716770516636,0.4921855921855932,0.9838942718854833,0.5,-1.001202310427222,-1.0,0.9827127461038786,1.1281150762979404,8444.868548597977,7485.821904189896,959.0466444080794,0.06264716770516636,-16.934571785334754,-21.736594699689,9.0,-5.5,-5.503267973856209,-6.500000000000007,1.0614816095624595,0.5078886249531613,1.3586059232994905,-1.195698044963041,1.1000000000000072,-1.000000000000011,0.7388059701492538,0.5457089552238806,0.2798507462686567,0.26119402985074625,0.0,0.0009328358208955224,0.012126865671641791,673.0,F,gross,exclude
1647,0.24893746205221615,0.7207043108682453,0.030358227079538554,-0.9691492122784747,-1.500399975039519,0.7358886013299685,0.9247024237212992,-1.5988916531648882,-1.604397960249233,0.46024919817007687,0.1863448185627638,4844.767308220862,25998.93759100723,-21154.170282786385,-0.9691492122784747,-1596.1887526226478,,20.0,-14.835442483844457,-20.350805255740042,-38.57531989498014,1.1084226527729515,0.8100199274181948,0.9738893165149426,-1.5674629301450624,0.5882067632688506,-1.4207361054981886,0.5343047965998786,0.36429872495446264,0.18397085610200364,0.46569520340012144,0.3302975106253795,0.0006071645415907711,0.009714632665452338,899.0,F,low,pessimistic
1621,0.33559531153608885,0.6255397902529303,0.038864898210980874,-0.7330104636817808,-1.4009807051125522,0.7679932855300478,0.9547188371358082,-1.5837957962535543,-1.5990601849955297,0.4849067584007513,0.3065235181087337,6767.6659665894085,22078.78210568072,-15311.116139091351,-0.7330104636817808,-1188.2099616281666,,19.0,-13.488030556600085,-18.70444582975908,-34.068888109217944,1.2365058951420815,0.9066022378363058,1.1451286482650314,-1.6651598989020457,0.7656122055812877,-1.480784393328552,0.5934608266502159,0.4367674275138803,0.24120913016656384,0.40653917334978407,0.33436150524367675,0.001850709438618137,0.00987045033929673,899.0,F,low,optimistic
1071,0.3800186741363212,0.5751633986928104,0.04481792717086835,-0.5812351870019982,-1.3006153462986807,0.7352604259603827,0.9264670297365968,-1.4960696052208802,-1.5629715375207822,0.4914613754564104,0.36953561979011884,4860.674094058849,13153.46568436221,-8292.79159030335,-0.5812351870019982,-622.5028852791401,,14.0,-13.488030556600085,-13.488030556600085,-24.169880352336524,1.167839113272081,0.824658436868827,1.2265496207680606,-1.4595585563372409,0.9062478647078362,-1.2968798302398432,0.6517273576097106,0.47619047619047616,0.2567693744164332,0.34827264239028943,0.0,0.0009337068160597573,0.012138188608776844,673.0,F,low,exclude
1542,0.1549935149156939,0.8164721141374838,0.028534370946822308,-1.6257824616133694,-2.0501236753003966,0.6731195503401429,0.7015492844926324,-2.119050942198956,-2.1810298551689726,0.31765142448233996,0.07895812595699661,2692.0797828779096,34095.03138846167,-31402.95160558375,-1.6257824616133694,-2506.9565558078157,,26.0,-25.96743037960862,-39.33148881728663,-63.781174082294186,1.2941145668464473,1.1117518408570533,0.8011360874393828,-1.8953313768635751,0.2701228778693089,-1.7500230241186727,0.4143968871595331,0.311284046692607,0.15304798962386512,0.5849546044098574,0.32944228274967574,0.0006485084306095979,0.009727626459143969,859.0,F,realistic,pessimistic
1514,0.21796565389696168,0.7509907529722589,0.031043593130779392,-1.4035939212023543,-1.8955718290543198,0.6809448023508882,0.707091897039589,-2.066712364804539,-2.1613845361565014,0.32948213498267287,0.12697539081145642,3792.094750301064,29864.800778064786,-26072.706027763743,-1.4035939212023543,-2125.0411967003643,,24.0,-18.649604068105074,-32.01366250578309,-57.15030365384476,1.4701688491085403,1.2635012227774318,0.9858512081329016,-2.0019277119462564,0.47440285540844684,-1.8255747402674434,0.4854689564068692,0.37846763540290623,0.20673712021136065,0.5138705416116248,0.333553500660502,0.0019815059445178335,0.009907529722589167,859.0,F,realistic,optimistic
1003,0.23529411764705882,0.7208374875373879,0.04386839481555334,-1.212968002037499,-1.777911141362604,0.6780088097223652,0.7104162544627147,-1.9041546937081544,-2.0672825563942747,0.3560681345705215,0.14852007068874176,2706.969187327183,18226.285341597126,-15519.316154269947,-1.212968002037499,-1216.6069060436116,,21.0,-14.498495105029331,-23.185679867756004,-36.75096946971024,1.358916642263335,1.1393155080428492,1.0570983193613737,-1.786149843215524,0.6538278078565583,-1.6637135782066033,0.5353938185443669,0.4187437686939183,0.21635094715852443,0.46360917248255235,0.0,0.0009970089730807576,0.011964107676969093,639.0,F,realistic,exclude
75,0.12,0.84,0.04,-1.887970217094117,-2.1421655737234477,0.6500696607371048,0.6320985936127954,-2.3411322439951836,-2.3050506631362144,0.277673190997425,0.04558413780694282,119.29038207898343,2616.9274624475747,-2497.6370803685913,-1.887970217094117,-141.59776628205879,,15.0,-9.195767838745295,-9.195767838745295,-9.906140960295126,1.5103763955865992,1.3837355615510143,0.7967321662881947,-2.0427100601698265,0.4744265417746115,-1.8899368672513568,0.49333333333333335,0.3466666666666667,0.14666666666666667,0.5066666666666667,0.32,0.013333333333333334,0.05333333333333334,64.0,F,stressed,pessimistic
73,0.1780821917808219,0.7671232876712328,0.0547945205479452,-1.5469651999875047,-1.8719826552912704,0.6463727858599658,0.6320985936127954,-2.16750374845597,-2.2751983179680906,0.298210688825988,0.08805205396745196,177.2432251602403,2012.9368614814762,-1835.6936363212362,-1.5469651999875047,-112.92845959908784,,11.0,-9.19603591015693,-9.19603591015693,-9.66293489668072,1.6718905688132122,1.5250080328550482,1.032250614940202,-2.1472046072962785,0.7360321716367401,-2.0002987701087123,0.547945205479452,0.4246575342465753,0.2054794520547945,0.4520547945205479,0.3287671232876712,0.0136986301369863,0.0547945205479452,64.0,F,stressed,optimistic
49,0.16326530612244897,0.7755102040816326,0.061224489795918366,-1.610072105224766,-1.8719826552912704,0.7123102849114451,0.6991437521106151,-2.227235620481815,-2.233959500998015,0.3198181092117016,0.0850850993143544,115.0911892603336,1352.6597510936558,-1237.5685618333225,-1.610072105224766,-78.89353315601353,,13.0,-8.154272182511075,-8.154272182511075,-8.154272182511075,1.72492258341275,1.576392832238201,0.9198524271902225,-2.0003617814514745,0.6944382720528052,-1.7145021037884771,0.5510204081632653,0.40816326530612246,0.22448979591836735,0.4489795918367347,0.0,0.02040816326530612,0.08163265306122448,43.0,F,stressed,exclude
0,,,,,,,,,,,,,,,,,,,,,,,,,,,,,,,,,,,,D_noconf,gross,pessimistic
0,,,,,,,,,,,,,,,,,,,,,,,,,,,,,,,,,,,,D_noconf,gross,optimistic
0,,,,,,,,,,,,,,,,,,,,,,,,,,,,,,,,,,,,D_noconf,gross,exclude
0,,,,,,,,,,,,,,,,,,,,,,,,,,,,,,,,,,,,D_noconf,low,pessimistic
0,,,,,,,,,,,,,,,,,,,,,,,,,,,,,,,,,,,,D_noconf,low,optimistic
0,,,,,,,,,,,,,,,,,,,,,,,,,,,,,,,,,,,,D_noconf,low,exclude
1114,0.1687612208258528,0.800718132854578,0.03052064631956912,-1.552174134970514,-1.9945576122690147,0.6909432993089476,0.7508423203967923,-2.0842810062476995,-2.1690448773216806,0.33150198904937617,0.09105711357715958,2265.580168814542,24880.869597241785,-22615.289428427233,-1.552174134970514,-1729.1219863571525,,35.0,-18.556708578487314,-20.216163105268738,-45.54449477749404,1.30048298648297,1.101536072924759,0.817933050393148,-1.883004559437647,0.2801628705232184,-1.734806652486275,0.41921005385996407,0.322262118491921,0.1615798922800718,0.5798922800718133,0.296229802513465,0.0,0.013464991023339317,690.0,D_noconf,realistic,pessimistic
0,,,,,,,,,,,,,,,,,,,,,,,,,,,,,,,,,,,,D_noconf,realistic,optimistic
0,,,,,,,,,,,,,,,,,,,,,,,,,,,,,,,,,,,,D_noconf,realistic,exclude
0,,,,,,,,,,,,,,,,,,,,,,,,,,,,,,,,,,,,D_noconf,stressed,pessimistic
0,,,,,,,,,,,,,,,,,,,,,,,,,,,,,,,,,,,,D_noconf,stressed,optimistic
0,,,,,,,,,,,,,,,,,,,,,,,,,,,,,,,,,,,,D_noconf,stressed,exclude
0,,,,,,,,,,,,,,,,,,,,,,,,,,,,,,,,,,,,E_noconf,gross,pessimistic
0,,,,,,,,,,,,,,,,,,,,,,,,,,,,,,,,,,,,E_noconf,gross,optimistic
0,,,,,,,,,,,,,,,,,,,,,,,,,,,,,,,,,,,,E_noconf,gross,exclude
0,,,,,,,,,,,,,,,,,,,,,,,,,,,,,,,,,,,,E_noconf,low,pessimistic
0,,,,,,,,,,,,,,,,,,,,,,,,,,,,,,,,,,,,E_noconf,low,optimistic
0,,,,,,,,,,,,,,,,,,,,,,,,,,,,,,,,,,,,E_noconf,low,exclude
924,0.1525974025974026,0.8127705627705628,0.03463203463203463,-1.6199644370191035,-2.056691463658439,0.7148310518055035,0.7613552278118055,-2.12750918597706,-2.226588715700904,0.3359943432992591,0.08340124753809466,1731.4061934026502,20759.95557035051,-19028.54937694785,-1.6199644370191035,-1496.8471398056518,,38.0,-18.556708578487314,-20.216163105268738,-46.03458929638499,1.3057889619463858,1.1151876306393982,0.8015711515811824,-1.9259742124785686,0.2685066066780303,-1.7634434781065198,0.4025974025974026,0.3116883116883117,0.1590909090909091,0.5963203463203464,0.3008658008658009,0.0,0.015151515151515152,604.0,E_noconf,realistic,pessimistic
0,,,,,,,,,,,,,,,,,,,,,,,,,,,,,,,,,,,,E_noconf,realistic,optimistic
0,,,,,,,,,,,,,,,,,,,,,,,,,,,,,,,,,,,,E_noconf,realistic,exclude
0,,,,,,,,,,,,,,,,,,,,,,,,,,,,,,,,,,,,E_noconf,stressed,pessimistic
0,,,,,,,,,,,,,,,,,,,,,,,,,,,,,,,,,,,,E_noconf,stressed,optimistic
0,,,,,,,,,,,,,,,,,,,,,,,,,,,,,,,,,,,,E_noconf,stressed,exclude
