trades,win_rate,loss_rate,be_rate,avg_r,median_r,avg_winner_r,median_winner_r,avg_loser_r,median_loser_r,realized_rr,profit_factor,gross_profit,gross_loss,net_pnl,expectancy_r,max_dd_r,max_dd_pct,longest_losing_streak,worst_day_r,worst_week_r,worst_month_r,stdev_r,downside_dev_r,avg_mfe_r,avg_mae_r,median_mfe_r,median_mae_r,pct_reach_0p5r,pct_reach_1r,pct_reach_2r,pct_stopped_before_0p5r,ambiguous_share,halt_share,participation_capped_share,sessions,variant,year
84,0.20238095238095238,0.7976190476190477,0.0,-1.5079814897865207,-1.8360377842298017,0.5719668512912793,0.6641060401796853,-2.0357295763286483,-1.9722137307378576,0.2809640621927777,0.08487832039998978,158.70782872119668,1869.8276305808683,-1711.1198018596715,-1.5079814897865207,-128.0634665974073,-9193.215661289936,20,-13.76143133854572,-21.16042211090871,-25.795658428269327,1.311449423371558,1.1237887336280612,0.707077968544665,-1.7966364007799063,0.2213630380562244,-1.6990933050673558,0.36904761904761907,0.2976190476190476,0.11904761904761904,0.6309523809523809,0.44047619047619047,0.0,0.0,49,A,2016
167,0.12574850299401197,0.844311377245509,0.029940119760479042,-1.7035142527273013,-2.1092896026052927,0.7165098125885581,0.7406427044762233,-2.124893527080467,-2.2332124945632,0.33719798354933045,0.06911271812990713,250.00509484367672,3617.352950491063,-3367.347855647387,-1.7035142527273013,-284.48688020545933,,17,-14.987475268927763,-19.069225384592293,-42.60639917136056,1.2790907102073044,1.1126419596662103,0.775995392166396,-1.9330491008496982,0.3801232669439134,-1.8235523643278624,0.4491017964071856,0.31137724550898205,0.1377245508982036,0.5508982035928144,0.3592814371257485,0.017964071856287425,0.023952095808383235,79,A,2017
174,0.1781609195402299,0.8045977011494253,0.017241379310344827,-1.6355230418418765,-1.9843914572968213,0.7185545252148793,0.7364860861136712,-2.192187505938762,-2.129966117357453,0.327779682745328,0.09579130932876595,379.93163702466535,3966.2432812218863,-3586.31164419722,-1.6355230418418765,-286.2452002478385,-23623.373736439775,19,-11.526048978779915,-17.485547386175497,-35.82183814037671,1.3542933694175454,1.1312248607155464,0.8067245671133197,-1.8969221094730662,0.2747953867769659,-1.7808608409824078,0.41379310344827586,0.3275862068965517,0.1724137931034483,0.5862068965517241,0.40229885057471265,0.0,0.017241379310344827,92,A,2018
215,0.13488372093023257,0.8511627906976744,0.013953488372093023,-1.7751745424251848,-2.055220388736712,0.7244469745914867,0.8211072730226937,-2.2007052426788882,-2.189370387227297,0.3291885530792971,0.07264517545714044,354.44913700562904,4879.183438888501,-4524.73430188287,-1.7751745424251848,-381.6625266214147,,42,-22.68736169818639,-31.32288584779839,-65.52437934798057,1.3337005506697808,1.154120125961316,0.7938372856327752,-1.959411509281561,0.1956339481306877,-1.821447449478459,0.3953488372093023,0.29767441860465116,0.15813953488372093,0.6046511627906976,0.3627906976744186,0.004651162790697674,0.027906976744186046,108,A,2019
478,0.16317991631799164,0.8117154811715481,0.02510460251046025,-1.6472394619518045,-2.05013226726604,0.7327138624024181,0.7990243038674487,-2.1762897495458846,-2.225699334697273,0.336680289265393,0.09532600575142766,1059.0586715214024,11109.860978367295,-10050.802306845897,-1.6472394619518045,-787.3804628129625,,26,-20.73755695286822,-42.952353387580445,-105.66464313116286,1.3861768376578842,1.1856046222436005,0.8304159874906479,-1.9173992612934168,0.32579712853241977,-1.7960230171158675,0.4476987447698745,0.3305439330543933,0.1589958158995816,0.5502092050209205,0.39330543933054396,0.0041841004184100415,0.014644351464435146,172,A,2020
628,0.12579617834394904,0.8503184713375797,0.02388535031847134,-1.7000258928408158,-2.013160004049974,0.7726848279190043,0.8460179193921255,-2.113717209596724,-2.0995598280573926,0.36555733397582774,0.07184151885733148,1170.1173639658814,16287.480868682525,-15117.363504716643,-1.7000258928408158,-1067.6162607040324,,26,-23.80482947882304,-59.059547687796005,-148.08480114461975,1.2752878441329039,1.0932807136473668,0.6879362371539719,-1.8965150138050026,0.22000022600327365,-1.761185775687709,0.38057324840764334,0.28662420382165604,0.1305732484076433,0.6194267515923567,0.40923566878980894,0.006369426751592357,0.007961783439490446,188,A,2021
422,0.13033175355450238,0.8507109004739336,0.018957345971563982,-1.8054514120412906,-2.160434469709113,0.7010754045891882,0.6960167160849574,-2.2296153720970433,-2.273336298913044,0.31443782338556375,0.06332947368498582,627.7516511180896,9912.472259609467,-9284.720608491381,-1.8054514120412906,-761.9004958814246,,42,-21.241331899470183,-56.38317049731273,-125.93396607704263,1.3288348490867798,1.163295709934835,0.8715865352078569,-2.0202167668316555,0.18877677940383103,-1.8099247432989432,0.3933649289099526,0.3009478672985782,0.15639810426540285,0.6066350710900474,0.4549763033175355,0.004739336492890996,0.0071090047393364926,151,A,2022
350,0.18,0.8,0.02,-1.6809204492268848,-2.0506909325485605,0.6956113791118786,0.7842479745552606,-2.257429038597191,-2.2381268491746624,0.3081431873243487,0.0942224499020249,765.0822910145604,8119.95752403078,-7354.875233016221,-1.6809204492268848,-588.3221572294096,,20,-15.858758425646855,-44.90710219249692,-92.93046523946154,1.3613555393944934,1.141968448924862,0.7844809441215747,-1.9201668725403365,0.27245870911434167,-1.756420736257613,0.4142857142857143,0.28285714285714286,0.1657142857142857,0.5857142857142857,0.44285714285714284,0.011428571428571429,0.017142857142857144,142,A,2023
387,0.12144702842377261,0.8733850129198967,0.00516795865633075,-1.8779611074150078,-2.149437981447049,0.7011324031558633,0.778679991872466,-2.24749361224717,-2.301214067872415,0.3119619114088747,0.05858544991820495,532.4504583832494,9088.441910519403,-8555.99145213615,-1.8779611074150078,-726.770948569608,,24,-19.34172368607142,-50.71700336525714,-101.99726048930161,1.2939363174650083,1.129174338085882,0.7378589478033999,-1.9797205591038767,0.136770152142879,-1.8571588938259764,0.36175710594315247,0.268733850129199,0.13953488372093023,0.6382428940568475,0.4134366925064599,0.0103359173126615,0.028423772609819122,165,A,2024
404,0.14603960396039603,0.8341584158415841,0.019801980198019802,-1.7613532079246101,-2.114980935029885,0.6962790900643115,0.8079257268592338,-2.2335443447878394,-2.257561943708335,0.3117373029504144,0.07799731224894921,727.1895633057861,9323.264383582435,-8596.074820276644,-1.7613532079246101,-711.7982742024952,-336423.25674243795,24,-20.217662743034552,-37.88851043119274,-75.88345508885482,1.3408492192795574,1.1572652445756182,0.8185898539267958,-2.0008476227504017,0.2499884874771166,-1.882343412089989,0.4282178217821782,0.3094059405940594,0.15841584158415842,0.5717821782178217,0.4084158415841584,0.0049504950495049506,0.012376237623762377,180,A,2025
318,0.11949685534591195,0.8616352201257862,0.018867924528301886,-1.8646188245386563,-2.067378795037204,0.6640965062713147,0.7351833396711964,-2.256225685046722,-2.2535734826486724,0.2943395736838988,0.05480892326493697,409.13343065632046,7464.723010131751,-7055.589579475432,-1.8646188245386563,-592.9487862032927,,29,-20.06629492198391,-36.54556097714708,-110.22315671937763,1.3149117249255524,1.1663900509652638,0.7944716586337677,-1.993737422064145,0.1986491646375634,-1.8750389373655778,0.39937106918238996,0.2893081761006289,0.14150943396226415,0.60062893081761,0.44025157232704404,0.006289308176100629,0.02830188679245283,127,A,2026
68,0.1323529411764706,0.8676470588235294,0.0,-1.6630139461004698,-1.8885196229936052,0.6221043418304144,0.7831638433781873,-2.0115913120560283,-1.9722137307378576,0.309259807447949,0.05810093067105672,95.11965027021336,1637.1450366043398,-1542.0253863341266,-1.6630139461004698,-113.08494833483195,,16,-13.76143133854572,-16.31673550310977,-19.907720683031137,1.1852924995027923,1.0247920714007963,0.5465469157815176,-1.8314026502160778,0.12306816764424511,-1.6945767578870052,0.3382352941176471,0.22058823529411764,0.08823529411764706,0.6617647058823529,0.47058823529411764,0.0,0.014705882352941176,40,B,2016
130,0.16153846153846155,0.8,0.038461538461538464,-1.620347968898456,-2.082450793928394,0.6963054617003758,0.7406427044762233,-2.166091637499628,-2.218944823098795,0.32145706564110926,0.08227094215146345,237.33950357457493,2884.8521405969227,-2647.512637022348,-1.620347968898456,-211.2190948368304,-36806.800798371696,13,-12.399679260747988,-16.054974999569193,-29.606095529686506,1.3069046180907027,1.1097335668937491,0.7967398879114834,-1.8734936632524173,0.39679319212217623,-1.790025575064836,0.45384615384615384,0.3230769230769231,0.15384615384615385,0.5461538461538461,0.4153846153846154,0.0,0.0,67,B,2017
137,0.16058394160583941,0.8175182481751825,0.021897810218978103,-1.7049010889651364,-2.0146137669150823,0.8085366987669604,0.8724387678507661,-2.244725962771211,-2.124334791606797,0.3601939444620612,0.09549584205595577,312.86036573689773,3276.167412122271,-2963.307046385373,-1.7049010889651364,-234.422026830201,-27560.33256238098,23,-11.526048978779915,-16.796906461852153,-32.86871287879189,1.3772155984293861,1.1427772543110761,0.7542038468815453,-1.8715641348929066,0.2386012678388564,-1.8050806789833749,0.3795620437956204,0.2846715328467153,0.17518248175182483,0.6204379562043796,0.4233576642335766,0.0,0.0072992700729927005,76,B,2018
157,0.16560509554140126,0.8152866242038217,0.01910828025477707,-1.6942632955217038,-2.1174480059284915,0.7112397730371531,0.7907154623329259,-2.2230401720432975,-2.242265979482953,0.3199401351273919,0.08621846565995393,306.54578419092627,3555.4539488088826,-3248.908164617955,-1.6942632955217038,-265.9993373969075,,38,-22.68736169818639,-31.0548086803159,-37.97932370364657,1.3533429958343293,1.144960758313663,0.8829947385055614,-1.9048729247810354,0.2499684772759511,-1.821447449478459,0.43312101910828027,0.3248407643312102,0.17834394904458598,0.5668789808917197,0.3503184713375796,0.0,0.025477707006369428,87,B,2019
317,0.1892744479495268,0.7854889589905363,0.025236593059936908,-1.4849978315992414,-1.956063861072053,0.7515700604088522,0.8287107846406132,-2.0710353633932077,-2.1221129143946595,0.3628958122556977,0.11273815477241758,857.0259700160607,7601.915888601539,-6744.88991858548,-1.4849978315992414,-470.7443126169595,,15,-17.417744428525634,-29.846225857848594,-59.302994787304925,1.3585574455213052,1.1278630239415328,0.9082822553188831,-1.9141932210047512,0.4082398943266536,-1.7179887678251533,0.47634069400630913,0.35331230283911674,0.1861198738170347,0.5205047318611987,0.38170347003154576,0.0,0.0031545741324921135,137,B,2020
422,0.14691943127962084,0.8341232227488151,0.018957345971563982,-1.5437891144028668,-1.9320220336131335,0.7800503712407335,0.8962391658692871,-1.9885334040299119,-2.048313858157446,0.39227421056136297,0.08692198949065694,965.2586853539541,11104.884862969086,-10139.626177615135,-1.5437891144028668,-651.4790062780098,,23,-16.60663565803666,-30.61994631984515,-81.44993523751697,1.2024445807000144,0.9832773073530519,0.7236886755532783,-1.7794062251069882,0.2655616242261173,-1.7142938308941,0.4004739336492891,0.2985781990521327,0.14691943127962084,0.5995260663507109,0.41706161137440756,0.002369668246445498,0.002369668246445498,154,B,2021
337,0.11275964391691394,0.8635014836795252,0.02373887240356083,-1.8022194950862132,-2.183670289126855,0.6693686533802482,0.6497812413677799,-2.1744201172560533,-2.2687293178429626,0.307837776181421,0.054673315988490824,437.7466292789905,8006.586419070314,-7568.839789791328,-1.8022194950862132,-607.3479698440539,,25,-21.241331899470183,-46.570412043564886,-107.78178056080989,1.2202642219632027,1.0718317383669236,0.7322784765994618,-1.8841335833948831,0.1612083045469529,-1.8099247432989432,0.3649851632047478,0.2789317507418398,0.13056379821958458,0.6350148367952523,0.47181008902077154,0.002967359050445104,0.0,130,B,2022
246,0.1910569105691057,0.7845528455284553,0.024390243902439025,-1.5716209868305742,-1.9966377606157046,0.6544130693472983,0.7603265726908482,-2.162029753357673,-2.159687572010645,0.30268458069597903,0.09195026601171528,517.6938610563916,5630.150770748534,-5112.456909692143,-1.5716209868305742,-386.61876276032126,,20,-15.501566827181062,-31.50817790936656,-61.982006181824715,1.3081886770705724,1.0906308262813798,0.8404518785961044,-1.8793709538444432,0.30393414516803946,-1.7529186256375828,0.43089430894308944,0.3089430894308943,0.16666666666666666,0.5691056910569106,0.4715447154471545,0.0040650406504065045,0.008130081300813009,113,B,2023
221,0.12669683257918551,0.8642533936651584,0.00904977375565611,-1.79847071687428,-2.112587345548498,0.6526301459158838,0.6677980807993453,-2.1762530991438243,-2.212108495627155,0.29988706100987966,0.057883019126016205,308.0006828753899,5321.088767067358,-5013.088084191968,-1.79847071687428,-397.4620284292159,,19,-19.34172368607142,-31.581315274080268,-63.426907044532086,1.2380585625451668,1.0758436221814802,0.7021692105488199,-1.9554323440976227,0.0729600442956271,-1.8078149524679763,0.3755656108597285,0.27149321266968324,0.13574660633484162,0.6244343891402715,0.45248868778280543,0.0,0.004524886877828055,118,B,2024
211,0.1848341232227488,0.7914691943127962,0.023696682464454975,-1.5356554524596515,-1.948778611433416,0.8028355413367573,0.9293325703789124,-2.1276354739598933,-2.176092313415245,0.37733697861435966,0.129532865928389,614.4307583420489,4743.43521961238,-4129.004461270332,-1.5356554524596515,-324.02330046898646,,13,-13.194037263550062,-26.79233033013373,-47.70389790110961,1.3815533455602307,1.1341781233253967,0.8549481309090784,-1.9483371449118645,0.3532314587954529,-1.8431326028241868,0.45023696682464454,0.33175355450236965,0.1848341232227488,0.5497630331753555,0.44075829383886256,0.004739336492890996,0.004739336492890996,129,B,2025
182,0.0989010989010989,0.8681318681318682,0.03296703296703297,-1.8132812009937196,-2.051071975552119,0.5979464663738343,0.4862143448236716,-2.15664438361601,-2.1671031459759162,0.27725779498763137,0.04004231285076881,177.71345375768888,4438.141583379512,-4260.428129621822,-1.8132812009937196,-330.017178580857,,24,-19.90461363242855,-31.458286032681485,-59.875030997061835,1.1998447613046055,1.0831020959373518,0.7880615246556528,-1.9802794601343459,0.2843165036133415,-1.8810241728793833,0.4010989010989011,0.2857142857142857,0.12087912087912088,0.5989010989010989,0.5054945054945055,0.0,0.005494505494505495,89,B,2026
14,0.2857142857142857,0.7142857142857143,0.0,-1.5035517824897249,-1.6628443732097178,0.6929169437066484,0.8612701395931962,-2.382139272968274,-2.2731216839856883,0.2908801141770508,0.18060757364611182,40.79222451834458,225.8610959376164,-185.06887141927183,-1.5035517824897249,-21.961601772655985,,4,-6.691220046834272,-5.7918462171735134,-8.102562500817168,2.0409910806069105,1.8172915142865766,0.919995518236609,-1.421386755796709,0.8017301406116029,-1.3430332990443319,0.5714285714285714,0.5,0.21428571428571427,0.42857142857142855,0.2857142857142857,0.0,0.14285714285714285,13,C,2016
26,0.19230769230769232,0.7692307692307693,0.038461538461538464,-1.6120391657457882,-1.9366347911139317,0.6795723834544833,0.6106156410894789,-2.267619300855575,-2.2646180135028766,0.2996853939274904,0.11166320559780296,71.56376309479792,640.8893843918626,-569.3256212970649,-1.6120391657457882,-43.03034161470797,-3851.1987899940286,8,-6.498157893762058,-9.347251633907327,-16.350737049714116,1.3395307682684316,1.0944208014481196,0.6057091874558546,-2.0879150285111603,0.0437729681429575,-1.8092261533562533,0.4230769230769231,0.3076923076923077,0.11538461538461539,0.5769230769230769,0.2692307692307692,0.0,0.0,18,C,2017
35,0.11428571428571428,0.8285714285714286,0.05714285714285714,-1.3743671727804811,-1.7175927168599705,0.9619685988739488,1.0154894177830018,-1.790332405801564,-1.7648713884007998,0.5373128452329266,0.08580594057510549,71.49752519242989,833.2467975203708,-761.7492723279408,-1.3743671727804811,-48.10285104731684,,13,-4.100346869466579,-4.81597960448172,-10.42623017964011,1.1764418679736277,0.9713381021609595,0.7129827132966846,-1.7051434743207965,0.4163359167022705,-1.6097237009490009,0.4,0.3142857142857143,0.14285714285714285,0.6,0.22857142857142856,0.0,0.0,31,C,2018
37,0.1891891891891892,0.7837837837837838,0.02702702702702703,-1.4026772017511293,-1.828029919084514,0.6765476948044081,0.7191525511720315,-1.9544750045002863,-1.9475531850111365,0.346153157879543,0.0928241247757543,79.963494859519,861.451643661557,-781.488148802038,-1.4026772017511293,-52.618209015963814,-7316.696426955565,14,-5.034095390320202,-6.291134007007562,-8.280272872640982,1.205537821533177,0.9703411676377485,0.8760465171474205,-1.6905561233074888,0.3035656457648698,-1.6054420622097916,0.43243243243243246,0.32432432432432434,0.13513513513513514,0.5675675675675675,0.21621621621621623,0.02702702702702703,0.08108108108108109,31,C,2019
53,0.05660377358490566,0.8867924528301887,0.05660377358490566,-1.746333972972912,-1.777500261450264,0.3828944510371819,0.42645879390685,-1.9911240138873336,-1.86353192545484,0.19230065448793673,0.00920674005258019,13.634560676847327,1480.932512374588,-1467.2979516977405,-1.746333972972912,-92.55570056756433,,18,-11.082512492594287,-11.082512492594287,-14.623786143902326,0.9895069985287948,0.9432849231671966,0.6492923427763501,-1.8209845273741905,0.1183869409580038,-1.635493468869598,0.41509433962264153,0.24528301886792453,0.09433962264150944,0.5849056603773585,0.33962264150943394,0.03773584905660377,0.05660377358490566,39,C,2020
111,0.22522522522522523,0.7567567567567568,0.018018018018018018,-1.2667360833425745,-1.7378621464079156,0.7088202300706244,0.8956541784794113,-1.8853138172047,-1.933841536971224,0.3759693604333583,0.1401378219978123,380.33955420396376,2714.0392849112586,-2333.6997307072943,-1.2667360833425745,-140.60770525102578,,22,-6.5836067894040475,-8.761405167084101,-19.539448941167876,1.2765091858118434,1.0161031231846134,0.816069176120492,-1.6842384608320065,0.32004062767193,-1.598598892798407,0.44144144144144143,0.36036036036036034,0.14414414414414414,0.5585585585585585,0.3153153153153153,0.009009009009009009,0.009009009009009009,77,C,2021
66,0.15151515151515152,0.8484848484848485,0.0,-1.7410786528106614,-2.2506224209021988,0.7114572206474363,0.673541919538284,-2.1790314873567502,-2.4081587457732443,0.3265015786946987,0.09617121529752234,143.077836694668,1487.7407574816632,-1344.6629207869953,-1.7410786528106614,-115.25322183540614,-33696.742725111544,12,-5.629678035855405,-8.711746413879455,-22.256260758405407,1.3181001179309042,1.1152611163090018,0.8792713255390522,-1.8470170465722313,0.1789448569180147,-1.8695157121221826,0.3787878787878788,0.3181818181818182,0.18181818181818182,0.6212121212121212,0.3939393939393939,0.0,0.015151515151515152,48,C,2022
58,0.13793103448275862,0.8448275862068966,0.017241379310344827,-1.6179101159788816,-1.904150781976742,0.8045937442471778,0.9676376647185192,-2.046839913004779,-2.000316271042696,0.393090704913032,0.09854435515070341,134.31733814960955,1363.0140249454034,-1228.696686795794,-1.6179101159788816,-94.06547127827218,,17,-7.485366789468201,-9.01117807681717,-22.34275751777657,1.445718588164899,1.2652829710339535,0.7880165066081589,-1.8905917316416017,0.2196037713116436,-1.9206291792513137,0.41379310344827586,0.29310344827586204,0.10344827586206896,0.5862068965517241,0.3620689655172414,0.017241379310344827,0.05172413793103448,47,C,2023
46,0.21739130434782608,0.7608695652173914,0.021739130434782608,-1.3721667144440413,-1.8488769032940864,0.7031645736152454,0.720763954215234,-2.0032013481588646,-2.116978302104446,0.35102041752394064,0.12907959354160314,134.93880289682895,1045.392220369344,-910.4534174725147,-1.3721667144440413,-63.1196688644259,,11,-3.9524499615157436,-5.242597539369435,-10.00530104594398,1.2784311570444884,1.0250785126669444,0.8457677481380117,-1.8669588929207195,0.3738095452510921,-1.7030522686161453,0.45652173913043476,0.34782608695652173,0.21739130434782608,0.5434782608695652,0.391304347826087,0.0,0.0,42,C,2024
39,0.2564102564102564,0.7435897435897436,0.0,-1.333984725052735,-1.792344908593663,0.8066021656224024,0.9709996509418581,-2.0721181356303693,-2.1160298709876,0.38926456544767507,0.19775191229088632,174.0398282330881,880.0917584912222,-706.0519302581341,-1.333984725052735,-52.025404277056666,,8,-4.909643660805174,-6.943804933250478,-12.181668231247691,1.4560438227869907,1.1385692584412601,0.8402373536455426,-1.708011387655942,0.5081180103101485,-1.8675873805505872,0.5128205128205128,0.3076923076923077,0.20512820512820512,0.48717948717948717,0.2564102564102564,0.02564102564102564,0.05128205128205128,31,C,2025
48,0.14583333333333334,0.8541666666666666,0.0,-1.6177831130512195,-1.8764801389045527,0.5299358728874223,0.45553226281962,-1.9844668423578167,-1.964207201342438,0.26704193870923354,0.05069654709280764,60.417009171851504,1191.7381485813837,-1131.3211394095322,-1.6177831130512195,-77.65358942645854,,11,-5.928772855820894,-8.039070791396806,-21.794717373550366,1.1133747214490672,0.957765265413161,0.6549506338781681,-1.804321748960165,0.19125260964519075,-1.6915827349464738,0.3541666666666667,0.2708333333333333,0.125,0.6458333333333334,0.4791666666666667,0.0,0.041666666666666664,39,C,2026
4,0.0,1.0,0.0,-2.758834045763458,-2.1223491569255333,,,-2.758834045763458,-2.1223491569255333,,0.0,0.0,34.99428014847807,-34.99428014847807,-2.758834045763458,-11.035336183053833,,4,-6.691220046834272,-6.691220046834272,-6.691220046834272,2.8907231268393097,2.8907231268393097,1.0365140616278141,-1.422624282893762,1.1026903846507947,-1.2382384314661057,0.75,0.75,0.0,0.25,0.25,0.0,0.5,4,D,2016
6,0.0,1.0,0.0,-2.4512587565856,-2.5219024565849866,,,-2.4512587565856,-2.5219024565849866,,0.0,0.0,175.75615650382008,-175.75615650382008,-2.4512587565856,-14.707552539513602,,6,-5.53077118861404,-5.53077118861404,-5.53077118861404,0.3806730491494586,0.3806730491494586,0.04860495852571418,-3.2081320504127273,0.0,-1.894743496669347,0.0,0.0,0.0,1.0,0.5,0.0,0.0,4,D,2017
20,0.05,0.95,0.0,-1.6277542867687154,-1.804343924028867,0.6032641555703305,0.6032641555703305,-1.7451763100497175,-1.858168697371381,0.34567519172498073,0.011842025504485905,6.249816651708571,527.7658496294458,-521.5160329777373,-1.6277542867687154,-32.555085735374306,,16,-4.100346869466579,-4.100346869466579,-5.979510671814222,0.9048611633594313,0.8338447766737137,0.5325054964194009,-1.7858529033978852,0.4590742235464893,-1.6330693100277662,0.3,0.2,0.05,0.7,0.25,0.0,0.0,17,D,2018
12,0.3333333333333333,0.6666666666666666,0.0,-0.9502814700200092,-1.6372496755074732,0.9612257121000618,1.0173795639239074,-1.9060350610800445,-2.1780664984346334,0.5043064168795449,0.34675809614908043,66.58266133445909,192.01472748262364,-125.43206614816452,-0.9502814700200092,-11.40337764024011,,5,-2.386532062716327,-4.356132996869267,-4.356132996869267,1.5083321076041696,1.0714265405776788,1.4691235523504158,-1.5654805791439694,0.9248068114966559,-1.5884607789855216,0.5833333333333334,0.4166666666666667,0.3333333333333333,0.4166666666666667,0.16666666666666666,0.08333333333333333,0.16666666666666666,9,D,2019
19,0.05263157894736842,0.8947368421052632,0.05263157894736842,-1.9091027769823912,-1.8882971987069173,0.42645879390685,0.42645879390685,-2.156851113292238,-1.983648371160945,0.1977228707529558,0.008142730509717318,3.914891728064857,480.78365400806643,-476.8687622800016,-1.9091027769823912,-36.69941155657229,,18,-7.466716339702,-7.466716339702,-7.676311624168987,1.072137574380217,1.0239052478961002,0.6982367662223329,-1.5623705670073262,0.1999575619772391,-1.54546269272185,0.42105263157894735,0.2631578947368421,0.15789473684210525,0.5789473684210527,0.3157894736842105,0.10526315789473684,0.15789473684210525,16,D,2020
38,0.10526315789473684,0.8421052631578947,0.05263157894736842,-1.527014692826497,-1.946272675838626,0.7471846464757839,0.8088707274962823,-1.9093678624492767,-1.984471343289873,0.3913256639384927,0.0596803375909929,57.71893839201674,967.1349178280758,-909.4159794360589,-1.527014692826497,-58.02655832740688,,15,-5.243291402702107,-6.1762778871409,-8.99615465195334,1.1178574090191058,0.9524408887866631,0.6622853257633414,-1.9316561289629475,0.23459178594357455,-1.7600575172180442,0.39473684210526316,0.2894736842105263,0.07894736842105263,0.6052631578947368,0.15789473684210525,0.0,0.02631578947368421,31,D,2021
28,0.14285714285714285,0.8571428571428571,0.0,-1.8484990054476769,-2.4085438574560216,0.5975466437212535,0.5078499482644823,-2.2561732803091656,-2.4482128689702374,0.26484962344708346,0.0663347999328408,41.9073675859634,631.7553927710883,-589.8480251851248,-1.8484990054476769,-52.100002902437424,-15232.549388408273,18,-5.629678035855405,-8.294351023210103,-9.997204217914803,1.2457562533485258,1.0702927507509907,0.8480368110772838,-1.9276507404511978,0.16654523119804715,-1.8500327182560234,0.35714285714285715,0.32142857142857145,0.17857142857142858,0.6428571428571429,0.32142857142857145,0.0,0.03571428571428571,21,D,2022
20,0.25,0.7,0.05,-1.3174701068692525,-1.697469816621191,0.8435887360956327,0.9839532337742076,-2.1847832053103478,-1.9722496756133392,0.3861201120757431,0.2510940753718696,91.37441144287955,363.905087396245,-272.5306759533655,-1.3174701068692525,-27.56748694706551,,7,-7.485366789468201,-5.469461152444705,-5.469461152444705,1.9559760689605747,1.7232847036356744,1.0674898421679868,-1.7197889604380598,0.7550329344189917,-1.3677661512588615,0.55,0.4,0.2,0.45,0.25,0.05,0.15,19,D,2023
17,0.11764705882352941,0.8823529411764706,0.0,-1.5797975915046465,-1.9348510761588693,1.0144880505964247,1.0144880505964247,-1.9257023437847893,-2.116978302104446,0.5268145691730024,0.0844820036773501,37.05649942281357,438.63187199415984,-401.5753725713463,-1.5797975915046465,-26.85655905557899,,10,-2.7782532930576265,-4.402959672763132,-8.506715553931704,1.1606565593952958,0.8956941759693092,0.6047308040856081,-1.7839666567226584,0.0141083378538499,-1.680025158248171,0.4117647058823529,0.23529411764705882,0.11764705882352941,0.5882352941176471,0.29411764705882354,0.0,0.0,17,D,2024
14,0.2857142857142857,0.7142857142857143,0.0,-1.1593968026210806,-1.9190264492169749,0.898924499563345,0.9666106007743522,-1.9827253234948508,-2.155409249614705,0.4533782309184692,0.26340800417324367,70.29739886416921,266.87647205259015,-196.57907318842098,-1.1593968026210806,-17.10560134620556,-1957.0593770832882,5,-2.8393909560319184,-2.8393909560319184,-5.507914125528222,1.502304960605637,1.135427905698519,0.8955619493782627,-1.786688947901382,0.5187974466602554,-1.8788544829496217,0.5,0.35714285714285715,0.2857142857142857,0.5,0.14285714285714285,0.0,0.07142857142857142,13,D,2025
21,0.14285714285714285,0.8571428571428571,0.0,-1.6298539619604004,-1.964207201342438,0.6446547367142929,0.45553226281962,-2.008938745072849,-2.089228662446091,0.32089317720382565,0.06916565329440101,31.327659796557434,452.93665720487627,-421.6089974083188,-1.6298539619604004,-34.22693320116841,,7,-5.928772855820894,-5.928772855820894,-9.446689978540048,1.2500723739729587,1.0752649039013675,0.849615667159603,-1.9203718728751853,0.3331951688960463,-1.784756579907517,0.47619047619047616,0.38095238095238093,0.19047619047619047,0.5238095238095238,0.47619047619047616,0.0,0.09523809523809523,18,D,2026
4,0.0,1.0,0.0,-2.758834045763458,-2.1223491569255333,,,-2.758834045763458,-2.1223491569255333,,0.0,0.0,34.99428014847807,-34.99428014847807,-2.758834045763458,-11.035336183053833,,4,-6.691220046834272,-6.691220046834272,-6.691220046834272,2.8907231268393097,2.8907231268393097,1.0365140616278141,-1.422624282893762,1.1026903846507947,-1.2382384314661057,0.75,0.75,0.0,0.25,0.25,0.0,0.5,4,E,2016
5,0.0,1.0,0.0,-2.4033054974290984,-2.352779860801863,,,-2.4033054974290984,-2.352779860801863,,0.0,0.0,144.15926254118847,-144.15926254118847,-2.4033054974290984,-12.016527487145492,,5,-5.53077118861404,-5.53077118861404,-5.53077118861404,0.40483774522387717,0.40483774522387717,0.058325950230857015,-3.4537062924987842,0.0,-1.8092261533562533,0.0,0.0,0.0,1.0,0.4,0.0,0.0,3,E,2017
15,0.06666666666666667,0.9333333333333333,0.0,-1.719726173633224,-1.959184868859083,1.1609737617049816,1.1609737617049816,-1.9254904547288103,-2.004679151796186,0.6029496323151056,0.05680791585946389,22.49967150184269,396.0657799434895,-373.56610844164675,-1.719726173633224,-25.795892604498363,,10,-4.100346869466579,-4.100346869466579,-6.5827748273845526,1.0587463119935439,0.8561700932768151,0.5552139378138922,-1.8184006321818358,0.3635834064391601,-1.642965603357982,0.26666666666666666,0.2,0.06666666666666667,0.7333333333333333,0.13333333333333333,0.0,0.0,13,E,2018
9,0.3333333333333333,0.6666666666666666,0.0,-1.0322012578662707,-2.0712341720646474,0.8946566056096578,0.9187945746801284,-1.995630189604235,-2.2928821865725504,0.44830781287543175,0.3562855316616966,44.08377918260766,123.73160082309062,-79.64782164048295,-1.0322012578662707,-9.289811320796437,,3,-2.386532062716327,-4.356132996869267,-4.356132996869267,1.5637914723752693,1.157114449586783,1.4691027583022829,-1.6639321700600032,0.9940446583812008,-1.6054420622097916,0.5555555555555556,0.4444444444444444,0.3333333333333333,0.4444444444444444,0.2222222222222222,0.1111111111111111,0.2222222222222222,6,E,2019
17,0.058823529411764705,0.8823529411764706,0.058823529411764705,-1.9276342145363923,-1.983648371160945,0.42645879390685,0.42645879390685,-2.210886520694752,-2.161433058240655,0.1928904038787296,0.01017596892527781,3.914891728064857,384.7193084817698,-380.80441675370497,-1.9276342145363923,-33.19624044102552,,16,-7.466716339702,-7.466716339702,-7.676311624168987,1.1353753886324178,1.0836442589005195,0.7790078664530973,-1.5834534533770155,0.2727191254599792,-1.5666774460433934,0.47058823529411764,0.29411764705882354,0.17647058823529413,0.5294117647058824,0.29411764705882354,0.11764705882352941,0.17647058823529413,15,E,2020
31,0.06451612903225806,0.8709677419354839,0.06451612903225806,-1.6081927565223275,-1.9046216277457884,0.8088707274962823,0.8088707274962823,-1.9094885774907977,-1.9791484622973303,0.4236059524164294,0.02921961788253172,23.114329303423208,791.055153299646,-767.9408239962229,-1.6081927565223275,-49.85397545219215,,13,-5.243291402702107,-6.1762778871409,-8.854128646839012,1.0622608628105308,0.946846261231395,0.609042495044998,-1.925563639498551,0.0899250532899247,-1.7187550114704837,0.3870967741935484,0.2903225806451613,0.06451612903225806,0.6129032258064516,0.22580645161290322,0.0,0.03225806451612903,25,E,2021
21,0.14285714285714285,0.8571428571428571,0.0,-1.999150635497449,-2.50235458927978,0.5721724760861743,0.3420307499024733,-2.427704487428053,-2.504599662518229,0.23568456500747442,0.0696380079752154,34.25448608028653,491.89353739811054,-457.639051317824,-1.999150635497449,-42.3241940953489,-12374.382744071178,14,-5.629678035855405,-8.294351023210103,-9.997204217914803,1.2517377913800267,1.0690078230871995,0.866917987510847,-2.038471409169949,0.0831086119961045,-1.9545549404909712,0.3333333333333333,0.2857142857142857,0.19047619047619047,0.6666666666666666,0.38095238095238093,0.0,0.047619047619047616,17,E,2022
16,0.25,0.6875,0.0625,-1.3330165414865354,-1.697469816621191,1.021359520506284,1.0242683875674368,-2.3121201638446687,-2.0193729048790185,0.4417415394223863,0.352580707525503,88.57508803955047,251.2193269484083,-162.6442389088579,-1.3330165414865354,-22.413843875012,,6,-7.485366789468201,-5.469461152444705,-5.469461152444705,2.1585424439888588,1.8922079303140948,1.1650535675950822,-1.7098827026186905,0.8683129358002865,-1.3677661512588615,0.5625,0.4375,0.25,0.4375,0.25,0.0625,0.1875,15,E,2023
13,0.15384615384615385,0.7692307692307693,0.07692307692307693,-1.337979821515905,-1.6509793510803137,1.0144880505964247,1.0144880505964247,-1.9384424839717103,-2.1951644183051964,0.5233521546214884,0.13057865026750531,37.05649942281357,283.7868161977405,-246.73031677492693,-1.337979821515905,-17.393737679706767,,7,-2.7782532930576265,-4.402959672763132,-6.702583178643887,1.35661899276059,1.0906445103136455,0.6476995015026795,-1.6858010628926974,0.0141083378538499,-1.5000096188884795,0.38461538461538464,0.3076923076923077,0.15384615384615385,0.6153846153846154,0.15384615384615385,0.0,0.0,13,E,2024
11,0.2727272727272727,0.7272727272727273,0.0,-1.362311351915219,-1.9581759750275456,0.8639271069757329,0.9293045242225234,-2.1971507739993257,-2.199241992892658,0.39320337830215657,0.1939119892443693,46.08167675101552,237.64222589116474,-191.56054914014922,-1.362311351915219,-15.914729395289932,-1712.5419042379615,5,-2.8393909560319184,-2.8393909560319184,-5.507914125528222,1.4804040680968913,1.092350453512594,0.8045476278930781,-1.9139902713539614,0.4317722262579489,-2.021864137378434,0.45454545454545453,0.2727272727272727,0.2727272727272727,0.5454545454545454,0.18181818181818182,0.0,0.09090909090909091,10,E,2025
20,0.15,0.85,0.0,-1.575439544986549,-1.9623180592497138,0.6446547367142929,0.45553226281962,-1.9672208888161093,-2.051055197043821,0.3276981961604991,0.07319818423238374,31.327659796557434,427.9841108776809,-396.65645108112346,-1.575439544986549,-31.508790899730982,,6,-5.928772855820894,-5.928772855820894,-9.446689978540048,1.2567717357134143,1.0780554613179993,0.8920964505175831,-1.9205517687268163,0.4648024181553034,-1.7281358220991616,0.5,0.4,0.2,0.5,0.5,0.0,0.1,17,E,2026
44,0.1590909090909091,0.8409090909090909,0.0,-1.5819473251744243,-1.8314001942181217,0.659833054767699,0.7104117047275239,-2.0060679375959074,-2.050303387504918,0.3289185986185741,0.07605426771389681,72.96994441918893,959.4457564654941,-886.4758120463051,-1.5819473251744243,-69.60568230767467,,9,-8.284073314668227,-8.284073314668227,-11.062379869600015,1.326886495904199,1.1486100999616002,0.6267553857759632,-1.6423046072445038,0.2851181239824142,-1.5856902775198036,0.36363636363636365,0.25,0.11363636363636363,0.6363636363636364,0.3181818181818182,0.0,0.022727272727272728,33,F,2016
92,0.1956521739130435,0.75,0.05434782608695652,-1.461779322436732,-2.086558014467763,0.7422377540008879,0.6515557696076759,-2.143325521860831,-2.3635721082480763,0.3463019249434769,0.13233101213144402,225.32659801423216,1702.7497514370698,-1477.4231534228372,-1.461779322436732,-134.48369766417935,,9,-14.952633340323988,-16.81259915941454,-23.084004747448734,1.3959718822816087,1.1708010394278456,0.9648988234173579,-1.912153166537702,0.35235131658903684,-1.750089389519791,0.45652173913043476,0.3695652173913043,0.20652173913043478,0.5434782608695652,0.2608695652173913,0.0,0.0,47,F,2017
101,0.1782178217821782,0.7821782178217822,0.039603960396039604,-1.5042160324272316,-1.959184868859083,0.6709092522432741,0.6569938673342608,-2.076488795545337,-2.133443728740378,0.3230979399853091,0.08183419264202164,167.3486186176422,2044.9718291924482,-1877.6232105748059,-1.5042160324272316,-152.7381249644877,,16,-14.77241648728012,-15.303814119329294,-27.006187238252103,1.3162564289786178,1.1189088242622536,0.9279762941636135,-1.7892938110199028,0.4997087645621119,-1.7060000207965114,0.46534653465346537,0.3465346534653465,0.19801980198019803,0.5346534653465347,0.2871287128712871,0.0,0.0,63,F,2018
128,0.109375,0.875,0.015625,-1.8179834261592747,-2.142605265934606,0.8379837302049614,0.9004467412345721,-2.1828945091714616,-2.2811157132982816,0.38388649872183983,0.07430610072075364,203.69448267059045,2741.288813365209,-2537.5943306946183,-1.8179834261592747,-232.70187854838716,,22,-25.96743037960862,-39.33148881728663,-50.186207805551994,1.2832868947662648,1.102347544897858,0.735956912693079,-1.9592171214062604,0.09662955108500851,-1.8634589169134728,0.3828125,0.2734375,0.1328125,0.6171875,0.25,0.0,0.03125,72,F,2019
218,0.1926605504587156,0.7660550458715596,0.04128440366972477,-1.4174699288365948,-1.9783138155311883,0.6757056633655373,0.7015481894913073,-2.0191500470491044,-2.1409648501817715,0.3346485638118129,0.1026105406370727,493.9163984000662,4813.505467698672,-4319.589069298609,-1.4174699288365948,-309.0084444863777,,24,-13.28845674289038,-21.860920736044502,-41.14565881399753,1.3091853361186803,1.1035260232109099,0.9143972155033008,-1.9152082435820699,0.4484568534034763,-1.6417262759420412,0.47706422018348627,0.37155963302752293,0.18807339449541285,0.518348623853211,0.29357798165137616,0.0,0.0045871559633027525,108,F,2020
253,0.16996047430830039,0.782608695652174,0.04743083003952569,-1.4562931443377103,-1.8943397734974257,0.5487614892952849,0.5353971010873466,-1.9810776833467845,-2.050125111510353,0.2770014996929452,0.07283272098860197,423.01395370995607,5808.020735297753,-5385.006781587798,-1.4562931443377103,-368.4421655174407,,23,-14.498495105029331,-20.293215961652574,-51.03196695632505,1.230972727802504,1.0765549822070257,0.7765806338469188,-1.7948058340577646,0.3689823742802156,-1.6932786886944386,0.45454545454545453,0.3438735177865613,0.1225296442687747,0.5454545454545454,0.3241106719367589,0.0,0.003952569169960474,122,F,2021
201,0.11442786069651742,0.8706467661691543,0.014925373134328358,-1.905830785005601,-2.261250895456614,0.5944790381695119,0.5142452221599916,-2.267191709728087,-2.321881622584971,0.26220942658651925,0.037825331597165675,180.78623355186159,4779.501617519415,-4598.715383967554,-1.905830785005601,-383.0719877861258,,21,-20.96360911104183,-25.94515235158488,-63.781174082294186,1.132908529519322,0.9849720660230071,0.6652151897524151,-1.981802992824059,0.1457623182240306,-1.8905936104949663,0.31343283582089554,0.23880597014925373,0.13432835820895522,0.6865671641791045,0.3880597014925373,0.0,0.0,93,F,2022
137,0.16058394160583941,0.8394160583941606,0.0,-1.7499335092722048,-2.0457934838016527,0.7358038511504923,0.8647153656166233,-2.2254658738748074,-2.1652375475184797,0.33062913243839953,0.08084572626641824,250.194700496795,3094.717705575503,-2844.5230050787072,-1.7499335092722048,-239.74089077029205,,23,-10.672074342440906,-22.695895667901706,-50.08392519992838,1.320579231903941,1.0991384000838162,0.766172442723776,-1.8931110018326376,0.2979684800786417,-1.7096533006425656,0.38686131386861317,0.27007299270072993,0.16058394160583941,0.6131386861313869,0.40875912408759124,0.0,0.014598540145985401,83,F,2023
133,0.11278195488721804,0.8571428571428571,0.03007518796992481,-1.7036093236609282,-2.0512438308149683,0.6121450882062268,0.7047837073051898,-2.0671656909059126,-2.1907221619664607,0.29612773223706174,0.05997886874317344,178.03398868377064,2968.278535664009,-2790.2445469802383,-1.7036093236609282,-226.58004004690346,,19,-14.341118158687621,-26.54045750991138,-47.262793874268326,1.2341857780969363,1.1048756995347717,0.619892250727834,-1.919505137781857,0.0723669064996528,-1.7500091828387894,0.3609022556390977,0.2857142857142857,0.09022556390977443,0.6390977443609023,0.37593984962406013,0.0,0.007518796992481203,85,F,2024
130,0.2,0.7846153846153846,0.015384615384615385,-1.519696924098699,-2.02317199749663,0.8070733786569145,0.8821502227112114,-2.1427825920380834,-2.1845271736167327,0.3766473470783967,0.13561227032064505,373.6652063169437,2755.3937813550374,-2381.7285750380943,-1.519696924098699,-197.56060013283087,,13,-7.625116621829979,-15.224078275392689,-31.7482305875239,1.4738913371147309,1.2273616403758318,1.0175018261971214,-1.8792355045722,0.40253855705368513,-1.8274919071973055,0.46153846153846156,0.34615384615384615,0.23076923076923078,0.5384615384615384,0.33076923076923076,0.007692307692307693,0.03076923076923077,90,F,2025
105,0.10476190476190476,0.8666666666666667,0.02857142857142857,-1.84605094545187,-2.1271707237332693,0.644104921838477,0.6384399556819207,-2.207528402689088,-2.285732966859343,0.29177650491557183,0.05072998490169679,123.12965799686349,2427.1573948910263,-2304.0277368941634,-1.84605094545187,-193.83534927244636,,29,-8.463499255709044,-13.23268112309521,-35.861114230532685,1.2619454636073641,1.1299238863600995,0.7796909493232403,-2.038365159855327,0.1860350481095494,-1.9608236858722037,0.4,0.2761904761904762,0.11428571428571428,0.6,0.34285714285714286,0.0,0.009523809523809525,63,F,2026
41,0.17073170731707318,0.8292682926829268,0.0,-1.5404251316950597,-1.9564382174538704,0.772484509687752,0.8106277999407343,-2.0166124108032855,-2.0816506019229175,0.3830604758502131,0.10588237970291092,88.52325341459796,836.0527376035568,-747.5294841889588,-1.5404251316950597,-63.15743039949745,,8,-12.022734953832607,-12.022734953832607,-11.828048925609988,1.4099463293490475,1.1972675359391418,0.7360986996993762,-1.7211850346231206,0.4999118636184381,-1.5911474668911862,0.43902439024390244,0.2682926829268293,0.14634146341463414,0.5609756097560976,0.3170731707317073,0.0,0.024390243902439025,26,D_noconf,2016
62,0.1935483870967742,0.7419354838709677,0.06451612903225806,-1.475687701630441,-2.099977418806213,0.8513957183159699,0.7812612518459472,-2.2114931280146224,-2.341211565263602,0.3849868252045233,0.1422092097582313,176.07010693023307,1238.1062185041912,-1062.036111573958,-1.475687701630441,-91.49263750108734,,11,-12.399679260747988,-12.399679260747988,-12.130783721131266,1.4394474327924003,1.180507819042507,0.9291511459352646,-2.0035987627302023,0.20474420785702394,-1.836479992217006,0.4032258064516129,0.3548387096774194,0.20967741935483872,0.5967741935483871,0.25806451612903225,0.0,0.0,41,D_noconf,2017
75,0.13333333333333333,0.8266666666666667,0.04,-1.5831484634389903,-1.959184868859083,0.6390018568699166,0.7478022014690713,-2.0195625260636194,-2.036699430377282,0.316406077367365,0.056342098268103644,96.16495581603809,1706.80465889711,-1610.6397030810717,-1.5831484634389903,-119.54844044726158,,18,-7.712578855851497,-9.64731214404709,-17.115933608186577,1.2056274561186817,1.0455115273086648,0.7596863444821115,-1.72480465828073,0.2532966629697222,-1.642965603357982,0.36,0.30666666666666664,0.13333333333333333,0.64,0.3333333333333333,0.0,0.013333333333333334,45,D_noconf,2018
87,0.13793103448275862,0.8390804597701149,0.022988505747126436,-1.7949537072932145,-2.1505168538800423,0.7204091683152413,0.7902349040799788,-2.258307079592323,-2.2572583423635955,0.31900407824311117,0.07348858702348479,141.30366283406556,1922.7973833393894,-1781.493720505324,-1.7949537072932145,-156.16097253450965,,21,-13.613531019966954,-17.178247561375567,-29.822534429845234,1.3182871349674292,1.1311398951806177,0.7923330688053265,-1.9731172442730835,0.1475858744914917,-1.8571945482203227,0.40229885057471265,0.27586206896551724,0.14942528735632185,0.5977011494252874,0.19540229885057472,0.0,0.04597701149425287,57,D_noconf,2019
152,0.18421052631578946,0.756578947368421,0.05921052631578947,-1.3124024854576932,-1.8385643363855315,0.7585997059700516,0.7708882112143293,-1.9176732644607473,-2.091310596483434,0.39558339787532626,0.11515421826562772,380.6192575617132,3305.300173057785,-2924.680915496074,-1.3124024854576932,-200.45967181204128,-20570.64150106906,24,-18.556708578487314,-20.216163105268738,-31.737385811436305,1.3142957650164995,1.1042303799886044,0.9446561602619885,-1.9574130619251744,0.565408694727471,-1.6417262759420412,0.5131578947368421,0.40789473684210525,0.18421052631578946,0.48026315789473684,0.2631578947368421,0.0,0.006578947368421052,83,D_noconf,2020
174,0.1724137931034483,0.7816091954022989,0.04597701149425287,-1.4826519430769645,-1.946272675838626,0.6266705632318289,0.6874808809640574,-2.0369169547681802,-2.0511275563330233,0.3076564126803833,0.0846536607281907,350.85225961601947,4144.560986471096,-3793.708726855076,-1.4826519430769645,-257.9814380953918,,24,-11.364100527811548,-13.782652421334681,-36.20373418977231,1.2585130371309357,1.0744724703124584,0.7477625582999173,-1.753590661578326,0.28709619493860844,-1.7175363387315339,0.42528735632183906,0.3160919540229885,0.13793103448275862,0.5747126436781609,0.26436781609195403,0.0,0.011494252873563218,100,D_noconf,2021
159,0.1509433962264151,0.8364779874213837,0.012578616352201259,-1.7296900710369263,-2.2034976230141328,0.72739898573671,0.6967082755235763,-2.199120894670597,-2.278390461619813,0.33076807532478386,0.08121795489898623,309.8433356739771,3814.96106445109,-3505.1177287771134,-1.7296900710369263,-275.0207212948713,,14,-15.133074749631431,-19.448848296299282,-45.54449477749404,1.2346517657836409,1.0174662141210618,0.6587284142319414,-1.9433019753468375,0.1507040532670205,-1.833363163683348,0.32075471698113206,0.2641509433962264,0.1509433962264151,0.6792452830188679,0.3333333333333333,0.0,0.0,80,D_noconf,2022
93,0.25806451612903225,0.7311827956989247,0.010752688172043012,-1.355708552645578,-1.8932770281258997,0.6456643081835252,0.8708122145503466,-2.0823008507194847,-2.064269110151247,0.3100725372899083,0.14604006296407385,269.15835725795205,1843.044653604166,-1573.8862963462136,-1.355708552645578,-126.08089539603877,,12,-7.975818198653842,-9.411519392647673,-19.983912574154004,1.4037108367061089,1.1545630153831183,0.9649695071712453,-1.696211753447658,0.5946299248455639,-1.5413376153552247,0.5053763440860215,0.3763440860215054,0.20430107526881722,0.4946236559139785,0.34408602150537637,0.0,0.03225806451612903,64,D_noconf,2023
95,0.10526315789473684,0.8842105263157894,0.010526315789473684,-1.8236929556298203,-2.0946621355400694,0.5624531474467348,0.4782378987022313,-2.129086893999147,-2.154470161548046,0.26417575958595896,0.03607594327295972,82.76403265472453,2294.1612927071906,-2211.3972600524658,-1.8236929556298203,-173.2508307848329,,24,-12.005119562489408,-17.399862296067667,-36.1993456836731,1.171635443227491,1.0505295639114864,0.6588898725673519,-2.021063743373862,0.1666474748188487,-1.7923352923637812,0.3684210526315789,0.2736842105263158,0.11578947368421053,0.631578947368421,0.3684210526315789,0.0,0.010526315789473684,68,D_noconf,2024
93,0.1935483870967742,0.7956989247311828,0.010752688172043012,-1.425940205511624,-1.8682112371383464,0.8659799010746831,0.9324419236549149,-2.002707122816376,-2.157229065100293,0.4324046642710637,0.1527902764735162,290.0170998034386,1898.1384581348575,-1608.1213583314188,-1.425940205511624,-132.61243911258103,,14,-7.032721278048394,-10.570083642503173,-20.609007846045813,1.4123606228758232,1.1518663694527675,0.9956752708525332,-1.8663670288704446,0.3997114475441198,-1.7813019962051229,0.44086021505376344,0.34408602150537637,0.22580645161290322,0.5591397849462365,0.26881720430107525,0.0,0.010752688172043012,73,D_noconf,2025
83,0.1566265060240964,0.8072289156626506,0.03614457831325301,-1.6282326348295,-1.947929049889887,0.3870518524600436,0.262974373134016,-2.091635283654722,-2.0824589396100324,0.18504748676057256,0.04276309471177956,80.26384725178065,1876.9419704713537,-1796.6781232195735,-1.6282326348295,-135.1433086908485,,17,-7.057110278075999,-17.730870557142342,-41.730586494016805,1.1955322107869513,1.0886743878523477,0.8928892284709415,-2.010799552992803,0.3528698493485943,-1.8869697510291576,0.43373493975903615,0.3253012048192771,0.13253012048192772,0.5662650602409639,0.3373493975903614,0.0,0.012048192771084338,53,D_noconf,2026
32,0.125,0.875,0.0,-1.7114087487659,-2.0816506019229175,0.8784845313463522,0.9371815285704559,-2.08139350306765,-2.145510329352594,0.422065568116554,0.07969222109042416,57.22630347604678,718.091461036253,-660.8651575602061,-1.7114087487659,-54.7650799605088,,12,-8.284073314668227,-10.263426963750844,-11.828048925609988,1.338518748396794,1.1335311095492469,0.5763943767825429,-1.7476709457964157,0.1579309699643294,-1.665476995660244,0.28125,0.1875,0.125,0.71875,0.3125,0.0,0.03125,23,E_noconf,2016
51,0.19607843137254902,0.7450980392156863,0.058823529411764705,-1.535577989314764,-2.249512179259027,0.919658902432994,0.9199918135472687,-2.304506142989942,-2.3845473906726933,0.3990698420268901,0.17220756446313004,180.99698855486443,1051.0397096616289,-870.0427211067644,-1.535577989314764,-78.31447745505297,,12,-12.399679260747988,-12.399679260747988,-14.877381737620965,1.466975924014313,1.1712530319367573,0.9322899840308344,-2.0587796459499157,0.1178586645597628,-1.8751521066932864,0.39215686274509803,0.35294117647058826,0.21568627450980393,0.6078431372549019,0.27450980392156865,0.0,0.0,33,E_noconf,2017
64,0.203125,0.75,0.046875,-1.3313804032052274,-1.8634525081546447,0.7007046618392828,0.8123056893373027,-1.9667547853826288,-2.0703235054386684,0.3562745427376509,0.1129172033275879,139.98500967967044,1239.713750911411,-1099.7287412317407,-1.3313804032052274,-86.02065149447186,,9,-6.755455691364828,-7.8182823500568395,-17.952425936364936,1.36734127986045,1.155005468266222,0.9920279228193901,-1.6834189773931447,0.3634439468809883,-1.5909695267280233,0.453125,0.375,0.21875,0.546875,0.234375,0.0,0.0,41,E_noconf,2018
78,0.11538461538461539,0.8589743589743589,0.02564102564102564,-1.7840345149205366,-2.1426183228568783,0.8718700191638148,0.9187945746801284,-2.194806814809301,-2.237974455399,0.3972422599022996,0.08273583772477947,138.10163580405916,1669.1876169001137,-1531.0859810960542,-1.7840345149205366,-139.15469216380185,,18,-11.99496416195908,-15.559680703367693,-23.907328594112695,1.3549258012164132,1.1675499914544205,0.8582551773102137,-2.0045539997269084,0.1956339481306877,-1.8634589169134728,0.4358974358974359,0.3076923076923077,0.15384615384615385,0.5641025641025641,0.20512820512820512,0.0,0.05128205128205128,51,E_noconf,2019
135,0.17777777777777778,0.762962962962963,0.05925925925925926,-1.4090004632900812,-2.0231737820132643,0.756461788585951,0.7475043748685178,-2.0210322168656787,-2.162222354336784,0.37429476990679106,0.11056647380347114,333.2305793941616,3013.8483025737964,-2680.6177231796355,-1.4090004632900812,-190.21506254416096,,21,-18.556708578487314,-20.216163105268738,-29.161988762725088,1.324805375409032,1.113757546856645,0.8748756013786457,-1.973634339722954,0.4002410006865734,-1.6421738898547176,0.4740740740740741,0.37037037037037035,0.18518518518518517,0.5185185185185185,0.2814814814814815,0.0,0.007407407407407408,74,E_noconf,2020
143,0.14685314685314685,0.8041958041958042,0.04895104895104895,-1.5459971121207814,-1.989794224282416,0.5616339831069175,0.6010206560589441,-2.02667947919958,-2.092751431801996,0.27712027919122667,0.06191738114534541,208.77964510433463,3371.906906305411,-3163.1272612010766,-1.5459971121207814,-221.07758703327175,,28,-15.462596441089161,-17.39412050217927,-30.846520362250068,1.2310506074155432,1.0884295904975383,0.715492616873191,-1.7951194122252678,0.2930919865584632,-1.7142938308941,0.42657342657342656,0.32167832167832167,0.11888111888111888,0.5734265734265734,0.26573426573426573,0.0,0.006993006993006993,88,E_noconf,2021
121,0.10743801652892562,0.8760330578512396,0.01652892561983471,-1.9724398165096637,-2.3001156643394527,0.6981125680713265,0.7272710630703855,-2.3372213511437137,-2.337375929955748,0.2986933897936996,0.05028147915628909,153.45090011158112,3051.8374297345595,-2898.386529622978,-1.9724398165096637,-238.6652177976693,,26,-15.133074749631431,-19.448848296299282,-46.03458929638499,1.1427871527009648,0.969757300809655,0.5753733905883003,-2.071175815506093,0.1326413432339402,-1.9925278893921092,0.2644628099173554,0.21487603305785125,0.11570247933884298,0.7355371900826446,0.38016528925619836,0.0,0.0,70,E_noconf,2022
66,0.19696969696969696,0.7878787878787878,0.015151515151515152,-1.5625017675428254,-1.986875903221638,0.6756715887266774,0.8856175806536537,-2.1524705070722097,-2.160896401693009,0.31390515526539126,0.09753504766731416,135.4293386097781,1388.519735713043,-1253.090397103265,-1.5625017675428254,-103.12511665782648,,12,-7.436539429534841,-9.411519392647673,-16.928605835183745,1.364086798466692,1.1397996353638502,0.9016275972096216,-1.7649613901349077,0.4720574734885764,-1.6070544325597345,0.45454545454545453,0.3181818181818182,0.18181818181818182,0.5454545454545454,0.4090909090909091,0.0,0.045454545454545456,50,E_noconf,2023
86,0.09302325581395349,0.8837209302325582,0.023255813953488372,-1.8257530677693523,-2.0966101010301275,0.5196210465059813,0.34819652050980715,-2.1197550012586546,-2.1710247420077873,0.24513259607711457,0.0312471666585409,63.75271225278429,2040.2717772607564,-1976.519065007972,-1.8257530677693523,-157.0147638281643,,21,-12.005119562489408,-17.399862296067667,-36.1993456836731,1.1853821698069218,1.0885380505367672,0.5936168743713933,-2.0369441125870362,0.06994003831707045,-1.7995756796904794,0.3488372093023256,0.27906976744186046,0.09302325581395349,0.6511627906976745,0.3488372093023256,0.0,0.011627906976744186,63,E_noconf,2024
78,0.23076923076923078,0.7564102564102564,0.01282051282051282,-1.4224350383718212,-1.9750147996151406,0.8474864398592676,0.929318547300718,-2.139276312720892,-2.271542535945384,0.39615566947561387,0.167942009040768,261.30492475876974,1555.923537245156,-1294.6186124863862,-1.4224350383718212,-110.94993299300205,,9,-5.864096166983289,-10.570083642503173,-21.66413200025633,1.4884351267317892,1.1977549081598098,1.045629437674326,-1.8749208392330847,0.40253855705368513,-1.8432108215635246,0.44871794871794873,0.358974358974359,0.2692307692307692,0.5512820512820513,0.2692307692307692,0.0,0.02564102564102564,64,E_noconf,2025
70,0.11428571428571428,0.8428571428571429,0.04285714285714286,-1.6908123366722667,-1.9586119893610872,0.48804318490985465,0.3231384355600397,-2.071623564040252,-2.0824589396100324,0.2355848781513338,0.0356396775347852,59.14815565660035,1659.6153430083734,-1600.4671873517732,-1.6908123366722667,-118.35686356705867,,20,-7.057110278075999,-11.078774495444076,-30.417243985598372,1.1813575191573085,1.0769777022930707,0.8866463502460038,-2.0417065315826974,0.2771427739761576,-1.9232995751861366,0.4,0.3,0.12857142857142856,0.6,0.32857142857142857,0.0,0.014285714285714285,47,E_noconf,2026
