ts_et,source,symbol,verdict,reasons_json,price,gap_pct,float_shares,pm_volume
2026-09-17T06:55:06-04:00,gap_scan,AEMD,STAR,"[""float 1.58M"", ""short float 29.2% \u2014 squeeze fuel"", ""move explained but not flagged a catalyst"", ""4.1M shares already traded pre-market \u2014 crowded, the move may be over before the bell"", ""only 1.60M shares out \u2014 check for a reverse split"", ""$11M cap \u2014 check the shelf/ATM in EDGAR""]",,124.47552447552448,1580000.0,4122026.0
2026-09-17T06:55:06-04:00,gap_scan,DAIC,STAR,"[""float 1.34M"", ""finviz flags a dated catalyst"", ""short float 33.9% \u2014 squeeze fuel"", ""21% off the pre-market high"", ""11.8M shares already traded pre-market \u2014 crowded, the move may be over before the bell"", ""52w high 25x the price \u2014 history has been split-adjusted, this has consolidated before"", ""only 1.96M shares out \u2014 check for a reverse split"", ""$8M cap \u2014 check the shelf/ATM in EDGAR""]",,96.5174129353234,1340000.0,11770939.0
2026-09-17T06:55:06-04:00,gap_scan,KXIN,STAR,"[""float 1.51M"", ""finviz flags a dated catalyst"", ""short float 25.9% \u2014 squeeze fuel"", ""$2.10 outside his preferred $2.50-$9"", ""20% off the pre-market high"", ""9.2M shares already traded pre-market \u2014 crowded, the move may be over before the bell"", ""52w high 396x the price \u2014 history has been split-adjusted, this has consolidated before"", ""only 1.65M shares out \u2014 check for a reverse split"", ""$3M cap \u2014 check the shelf/ATM in EDGAR""]",,85.84070796460179,1510000.0,9241684.0
2026-09-17T06:55:06-04:00,gap_scan,DTSS,REJECT,"[""$0.80 under $2.00""]",,35.317997293640076,8210000.000000001,4660377.0
2026-09-17T06:55:06-04:00,gap_scan,RETO,REJECT,"[""float 35.9M over 20M""]",,30.978260869565222,35850000.0,9932366.0
2026-09-17T06:55:06-04:00,gap_scan,MEDS,STAR,"[""float 1.54M"", ""finviz flags a dated catalyst"", ""1.1M shares already traded pre-market \u2014 crowded, the move may be over before the bell"", ""finviz and Yahoo disagree on prior close by 3.75x \u2014 verify before trusting gap%"", ""only 2.84M shares out \u2014 check for a reverse split"", ""$21M cap \u2014 check the shelf/ATM in EDGAR""]",,20.922570016474456,1540000.0,1061138.0
2026-09-17T06:55:06-04:00,gap_scan,NEXR,REJECT,"[""$1.63 under $2.00""]",,14.788732394366194,560000.0,902955.0
2026-09-17T06:55:06-04:00,gap_scan,CYPH,REJECT,"[""float 91.3M over 20M""]",,10.245901639344263,91340000.0,573532.0
2026-09-17T06:55:06-04:00,gap_scan,AXTX,REJECT,"[""instrument type \""fund\"" \u2014 not common stock""]",,10.144927536231881,,504022.0
2026-09-17T07:00:05-04:00,gap_scan,AEMD,REJECT,"[""55% off the pre-market high \u2014 already faded""]",,341.1468531468532,1580000.0,8121314.0
2026-09-17T07:00:05-04:00,gap_scan,DAIC,STAR,"[""float 1.34M"", ""finviz flags a dated catalyst"", ""short float 33.9% \u2014 squeeze fuel"", ""23% off the pre-market high"", ""11.9M shares already traded pre-market \u2014 crowded, the move may be over before the bell"", ""52w high 26x the price \u2014 history has been split-adjusted, this has consolidated before"", ""only 1.96M shares out \u2014 check for a reverse split"", ""$8M cap \u2014 check the shelf/ATM in EDGAR""]",,92.53731343283584,1340000.0,11911121.0
2026-09-17T07:00:05-04:00,gap_scan,KXIN,REJECT,"[""$1.95 under $2.00"", ""25% off the pre-market high \u2014 already faded""]",,72.56637168141594,1510000.0,9495097.0
2026-09-17T07:00:05-04:00,gap_scan,DTSS,REJECT,"[""$0.84 under $2.00""]",,41.30581867388364,8210000.000000001,4825574.0
2026-09-17T07:00:05-04:00,gap_scan,RETO,REJECT,"[""float 35.9M over 20M""]",,25.02717391304347,35850000.0,10107677.0
2026-09-17T07:00:05-04:00,gap_scan,MEDS,STAR,"[""float 1.54M"", ""finviz flags a dated catalyst"", ""11% off the pre-market high"", ""1.1M shares already traded pre-market \u2014 crowded, the move may be over before the bell"", ""finviz and Yahoo disagree on prior close by 3.75x \u2014 verify before trusting gap%"", ""only 2.84M shares out \u2014 check for a reverse split"", ""$19M cap \u2014 check the shelf/ATM in EDGAR""]",,18.451400329489292,1540000.0,1079288.0
2026-09-17T07:00:05-04:00,gap_scan,NEXR,REJECT,"[""$1.57 under $2.00""]",,10.56338028169015,560000.0,933243.0
2026-09-17T07:00:05-04:00,gap_scan,CYPH,REJECT,"[""float 91.3M over 20M""]",,10.245901639344263,91340000.0,574398.0
2026-09-17T09:39:14-04:00,gap_scan,AEMD,REJECT,"[""39% off the pre-market high \u2014 already faded""]",,495.52447552447563,1580000.0,35779618.0
2026-09-17T09:39:14-04:00,gap_scan,TURB,REJECT,"[""$1.78 under $2.00"", ""55% off the pre-market high \u2014 already faded""]",,99.21656407386683,,35632215.0
2026-09-17T09:39:14-04:00,gap_scan,DAIC,STAR,"[""float 1.34M"", ""finviz flags a dated catalyst"", ""short float 33.9% \u2014 squeeze fuel"", ""21% off the pre-market high"", ""20.4M shares already traded pre-market \u2014 crowded, the move may be over before the bell"", ""52w high 25x the price \u2014 history has been split-adjusted, this has consolidated before"", ""only 1.96M shares out \u2014 check for a reverse split"", ""$9M cap \u2014 check the shelf/ATM in EDGAR""]",,98.81592039800996,1340000.0,20435658.0
2026-09-17T09:39:14-04:00,gap_scan,KXIN,REJECT,"[""$1.80 under $2.00"", ""31% off the pre-market high \u2014 already faded""]",,59.292035398230105,1510000.0,15355508.0
2026-09-17T09:39:14-04:00,gap_scan,DTSS,REJECT,"[""$0.88 under $2.00"", ""26% off the pre-market high \u2014 already faded""]",,48.59607577807849,8210000.000000001,26409571.0
2026-09-17T09:39:14-04:00,gap_scan,BIAF,WATCH,"[""float 0.59M"", ""move explained but not flagged a catalyst"", ""22% off the pre-market high"", ""4.6M shares already traded pre-market \u2014 crowded, the move may be over before the bell"", ""only 0.60M shares out \u2014 check for a reverse split"", ""$4M cap \u2014 check the shelf/ATM in EDGAR""]",,30.506542056074775,590000.0,4611575.0
2026-09-17T09:39:14-04:00,gap_scan,AEHL,STAR,"[""float 1.39M"", ""finviz flags a dated catalyst"", ""short float 30.5% \u2014 squeeze fuel"", ""$11.80 outside his preferred $2.50-$9"", ""12% off the pre-market high"", ""52w high 35x the price \u2014 history has been split-adjusted, this has consolidated before"", ""only 3.95M shares out \u2014 check for a reverse split""]",,27.98264642082429,1390000.0,623383.0
2026-09-17T09:39:14-04:00,gap_scan,VEEA,STAR,"[""float 1.59M"", ""finviz flags a dated catalyst"", ""short float 42.2% \u2014 squeeze fuel"", ""12% off the pre-market high"", ""4.9M shares already traded pre-market \u2014 crowded, the move may be over before the bell"", ""only 2.85M shares out \u2014 check for a reverse split"", ""$26M cap \u2014 check the shelf/ATM in EDGAR""]",,24.75573770491804,1590000.0,4932321.0
2026-09-17T09:39:14-04:00,gap_scan,NBIG,REJECT,"[""instrument type \""fund\"" \u2014 not common stock""]",,19.9110198494182,,295886.0
2026-09-17T09:39:14-04:00,gap_scan,NBIL,REJECT,"[""$25.38 over $20"", ""instrument type \""fund\"" \u2014 not common stock""]",,19.830028328611895,,575251.0
2026-09-17T09:39:14-04:00,gap_scan,GLOO,REJECT,"[""float 27.0M over 20M""]",,16.707616707616697,27010000.0,298053.0
2026-09-17T09:39:14-04:00,gap_scan,NEXR,REJECT,"[""$1.65 under $2.00""]",,16.19718309859155,560000.0,1603849.0
2026-09-17T09:39:14-04:00,gap_scan,MKDW,REJECT,"[""28% off the pre-market high \u2014 already faded""]",,14.249037227214382,6350000.0,575193.0
2026-09-17T09:39:14-04:00,gap_scan,TLSA,REJECT,"[""$0.87 under $2.00"", ""float 65.4M over 20M""]",,12.58278145695364,65410000.0,269723.0
2026-09-17T09:39:14-04:00,gap_scan,AXTX,REJECT,"[""instrument type \""fund\"" \u2014 not common stock""]",,12.399355877616754,,1319288.0
2026-09-17T09:39:14-04:00,gap_scan,IRE,REJECT,"[""instrument type \""fund\"" \u2014 not common stock""]",,12.291052114060964,,842961.0
2026-09-17T09:39:14-04:00,gap_scan,CRDU,REJECT,"[""instrument type \""fund\"" \u2014 not common stock""]",,11.580594679186232,,807631.0
2026-09-17T09:39:14-04:00,gap_scan,APLX,REJECT,"[""instrument type \""fund\"" \u2014 not common stock""]",,11.473087818696893,,367015.0
2026-09-17T09:39:14-04:00,gap_scan,AAOG,REJECT,"[""instrument type \""fund\"" \u2014 not common stock""]",,11.111111111111121,,321030.0
2026-09-17T09:39:14-04:00,gap_scan,CYPH,REJECT,"[""float 91.3M over 20M""]",,10.92622950819672,91340000.0,1167296.0
