ticker,megaday,range_pct,close_chg_pct,volume,close,files,registers
VIP,2021-08-27,126.7,33.7,3447448,1271.980712890625,3,streams:7
FCUV,2021-09-01,329.5,278.0,152747,5141.33349609375,4,"recaps:4,transcripts:3,summaries:1"
LFIN,2021-09-02,218.2,0.0,4800,0.010999999940395355,3,summaries:7
INDP,2021-09-15,182.6,52.1,6052411,301.0,2,summaries:9
SPRC,2021-10-01,140.0,7.4,4,28501.19921875,5,"summaries:14,transcripts:7"
PHUN,2021-10-22,335.6,471.2,12957820,437.0,3,streams:6
WBX,2021-10-26,87.6,46.9,29855300,16.309999465942383,2,streams:2
EVAX,2021-11-04,108.7,95.1,719772,634.0,5,"summaries:16,streams:1,transcripts:1"
PPSI,2021-11-08,123.3,220.0,307436000,10.399999618530273,3,streams:3
BRFH,2021-11-19,83.3,14.7,71169,5.070000171661377,2,"transcripts:1,summaries:1"
LGVN,2021-11-22,243.2,181.2,12866440,282.0,4,streams:54
ENSC,2021-12-07,158.8,136.3,40901,11484.0,2,streams:9
SG,2022-01-24,45.3,23.3,2781300,30.280000686645508,3,"transcripts:2,streams:1"
INDO,2022-01-27,214.3,110.4,53152700,5.889999866485596,5,streams:52
NVCT,2022-02-07,203.5,144.6,43338700,7.949999809265137,2,streams:4
DTST,2022-02-24,49.2,23.0,2078500,3.4800000190734863,2,"streams:1,summaries:1"
MXC,2022-03-08,112.8,-14.4,2118600,26.0,3,streams:35
MARPS,2022-03-08,189.3,27.9,8302800,15.489999771118164,2,streams:27
IMPP,2022-03-08,161.5,-43.3,6924293,63.75,2,streams:40
HYMC,2022-03-10,114.0,138.1,22096590,15.0,2,streams:19
TH,2022-03-29,33.5,-6.1,1750200,5.5,2,"transcripts:6,summaries:2"
GH,2022-05-06,31.2,-22.5,5902200,39.31999969482422,3,streams:39
COIN,2022-05-12,47.7,8.9,58789000,58.5,2,streams:2
RNVA,2022-06-01,300.0,0.0,87686143,9.999999747378752e-05,2,summaries:3
GEVO,2022-06-06,36.5,-33.5,58167200,3.0399999618530273,3,streams:4
IMTE,2022-06-08,264.2,-67.5,2066690,36.5,3,"streams:5,transcripts:1"
PGY,2022-07-20,196.4,129.6,3196375,74.4000015258789,3,streams:15
AMTD,2022-07-22,153.8,103.7,1854783,13.199999809265137,2,"summaries:2,streams:1"
SIGA,2022-07-29,69.4,-23.1,50536200,17.190000534057617,2,streams:2
HKD,2022-08-02,282.5,126.3,351200,1679.0,26,"streams:65,transcripts:8,summaries:7"
ENVB,2022-08-03,129.5,106.0,2262,35370.0,4,"transcripts:5,streams:2,summaries:1"
TGL,2022-08-11,335.2,,352,1247400.0,5,"summaries:9,streams:2,recaps:1"
DNA,2022-08-11,53.0,8.6,3342983,136.0,3,transcripts:3
REBN,2022-08-12,161.6,,570138,38.400001525878906,2,summaries:5
GCT,2022-08-19,141.8,206.0,36268800,48.0099983215332,6,streams:51
SHPH,2022-09-01,208.0,36.2,1021,104800.0,5,"recaps:7,streams:1,transcripts:1"
YOLO,2022-10-06,40.3,26.3,297900,5.480000019073486,6,"transcripts:12,streams:1"
SNES,2022-10-21,243.8,-19.6,931,540.0,4,streams:6
TOPS,2022-11-30,125.6,45.2,1963992,36.2400016784668,2,"transcripts:1,summaries:1"
EH,2022-12-12,61.3,37.4,16175200,10.130000114440918,2,recaps:2
KPRX,2023-02-08,87.1,52.5,4033367,62.459999084472656,3,"streams:5,summaries:3"
IVDA,2023-02-16,86.3,-26.1,442250,14.479999542236328,2,"recaps:1,streams:1"
VVOS,2023-03-01,99.3,-27.9,1055468,11.0,2,"summaries:8,streams:1"
NB,2023-03-21,45.0,,165400,7.570000171661377,2,"summaries:4,transcripts:2"
GFAI,2023-04-03,163.2,171.5,38079800,19.219999313354492,6,"streams:25,summaries:5,transcripts:1"
BFRG,2023-04-04,71.2,27.9,39683500,6.0,2,streams:42
MAX,2023-04-14,32.5,-21.5,736400,10.229999542236328,3,"summaries:3,transcripts:1"
TOP,2023-04-27,267.5,197.6,34109600,20.0,3,"summaries:3,transcripts:1"
BMR,2023-05-25,95.1,116.6,50581700,4.960000038146973,6,"streams:12,transcripts:7,summaries:3"
YJ,2023-06-02,107.1,50.9,2086953,12.800000190734863,3,"transcripts:4,summaries:1"
MOBQ,2023-06-29,275.0,-26.7,570373,1.649999976158142,2,streams:3
IQST,2023-07-05,76.2,65.2,36200,17.541790008544922,3,"recaps:4,transcripts:1"
MXL,2023-07-26,45.8,-12.9,16691300,29.610000610351562,2,"transcripts:1,summaries:1"
SN,2023-07-31,76.0,,1201400,42.310001373291016,4,"streams:2,transcripts:2"
AD,2023-08-04,40.0,92.9,7528500,33.7599983215332,3,"streams:4,transcripts:1"
SOS,2023-08-21,99.3,99.3,404853,134.25,2,streams:6
VFS,2023-08-22,149.9,108.9,19378700,36.720001220703125,9,streams:35
CPHI,2023-08-28,218.2,-4.5,81702,10.5,4,"recaps:16,streams:2"
ACB,2023-09-11,67.2,72.2,25571750,9.109999656677246,2,"summaries:2,transcripts:1"
VSME,2023-10-05,307.5,-51.2,269381,317.79998779296875,3,"recaps:10,streams:1"
CMND,2023-10-11,122.6,47.7,5314,2712.0,4,"recaps:3,streams:3"
MNTS,2023-10-12,146.1,54.7,141760,692.5,2,recaps:2
ASST,2023-11-27,174.2,99.1,564501,66.0999984741211,2,transcripts:6
ALT,2023-12-01,66.8,13.0,101190400,3.569999933242798,2,"streams:2,transcripts:1"
FRGT,2023-12-14,154.5,114.3,7594,15000.0,4,"transcripts:3,summaries:3,recaps:2"
EBET,2023-12-27,363.7,244.4,2890146,0.18254999816417694,2,streams:14
RVSN,2024-01-23,207.8,195.6,119298,5985.0,3,"summaries:3,streams:1"
WNW,2024-01-30,294.9,-71.4,503,4440.0,3,"streams:2,recaps:1"
NEXI,2024-01-30,243.2,58.4,18930428,14.729999542236328,2,summaries:5
SJ,2024-02-02,199.7,-58.9,4954300,1.3799999952316284,4,"streams:4,transcripts:1"
INBS,2024-02-09,262.2,134.9,8909790,67.6500015258789,2,"summaries:7,transcripts:4"
GLSI,2024-02-14,59.0,22.7,331000,10.199999809265137,2,"streams:1,transcripts:1"
TVGN,2024-02-15,391.6,121.7,5812,500.0,2,"transcripts:7,summaries:4"
ADIL,2024-02-28,202.1,86.2,4465144,40.5,2,"streams:2,summaries:1"
VANI,2024-02-28,122.2,270.3,148811400,3.740000009536743,2,summaries:3
CC,2024-02-29,36.2,-31.5,27410200,19.670000076293945,4,transcripts:6
SBFM,2024-03-05,93.2,86.7,33348,1680.0,2,"recaps:1,streams:1"
STI,2024-03-11,268.4,125.8,2112352,87.5,5,"recaps:8,streams:1,transcripts:1"
GXAI,2024-03-13,150.3,51.1,43556200,8.039999961853027,3,"recaps:1,transcripts:1,summaries:1"
GMM,2024-03-18,220.0,-67.0,112416,48.5,4,"recaps:14,streams:2"
COOT,2024-03-21,244.4,-64.5,589800,2.8499999046325684,2,"transcripts:1,summaries:1"
QH,2024-03-26,304.3,-52.8,111308,54.0,3,"recaps:3,transcripts:2"
JZXN,2024-04-03,326.2,-60.3,25864,774.7999877929688,2,recaps:4
CADL,2024-04-04,282.5,281.0,143930500,6.400000095367432,2,summaries:3
GL,2024-04-11,153.1,-53.1,36577500,49.16999816894531,2,"transcripts:2,streams:1"
KAVL,2024-04-15,265.4,136.0,44341000,6.300000190734863,4,"summaries:8,streams:4"
TLSA,2024-04-18,67.3,25.5,1556600,0.6399999856948853,3,"streams:5,transcripts:3,summaries:2"
AMC,2024-05-14,103.1,32.0,634246600,6.849999904632568,14,"transcripts:7,streams:6,summaries:3"
MGLD,2024-05-21,100.0,46.1,500000,1.4900000095367432,2,streams:7
GVH,2024-05-29,206.0,-10.1,100115,286.0,2,recaps:2
GMEX,2024-05-30,207.7,0.2,455,137329.921875,2,recaps:5
GME,2024-06-07,83.8,-39.4,279054400,28.219999313354492,3,"streams:1,transcripts:1,summaries:1"
LRHC,2024-06-14,246.1,91.5,5075,9360.0,2,"summaries:8,transcripts:2"
RGS,2024-06-25,89.3,304.7,44456800,20.520000457763672,2,"streams:1,transcripts:1"
AZ,2024-07-09,41.0,20.9,499400,1.3899999856948853,2,streams:2
LCFY,2024-07-11,349.2,162.9,46202000,6.099999904632568,7,"summaries:5,transcripts:4,streams:1"
DLPN,2024-07-12,42.9,26.8,45850,1.7999999523162842,3,streams:6
BBLG,2024-07-24,157.6,53.6,6898250,11.520000457763672,2,"streams:1,transcripts:1"
SVIX,2024-08-05,50.5,-38.9,28983600,19.0,2,"transcripts:6,summaries:2"
RR,2024-08-06,353.6,-73.9,55999100,0.3700000047683716,2,transcripts:4
OM,2024-08-08,94.1,-68.5,1518007,16.049999237060547,2,"transcripts:2,streams:1"
SLXN,2024-08-16,234.5,-79.4,24231,292.5,2,transcripts:8
NCNA,2024-08-19,217.4,177.1,21681,1940.0,2,summaries:5
UPC,2024-09-13,230.7,-67.4,50820,326.3999938964844,5,"streams:17,recaps:11"
ZDAI,2024-09-17,253.9,-36.3,65025,186.39999389648438,3,recaps:6
GLMD,2024-09-17,345.7,290.2,98531200,15.100000381469727,3,"streams:3,transcripts:1,summaries:1"
UAVS,2024-09-30,237.5,-66.7,666704,4.5,2,"streams:2,summaries:1"
DUO,2024-09-30,130.1,146.0,12374719,49.599998474121094,2,streams:2
API,2024-10-02,62.8,79.6,81673400,4.940000057220459,8,"transcripts:7,recaps:2,streams:1"
LX,2024-10-02,52.6,-4.3,29091700,3.299999952316284,3,"streams:2,transcripts:2"
JTAI,2024-10-10,225.6,-11.8,190333,349.829345703125,2,transcripts:2
NDRA,2024-10-22,185.5,89.1,10476994,14.630000114440918,2,"summaries:6,transcripts:1"
PC,2024-10-23,358.3,-66.0,1004133,12.510000228881836,6,"streams:3,transcripts:3"
UPXI,2024-10-24,225.1,-13.8,2381500,3.0,9,"transcripts:12,summaries:4"
TC,2024-10-24,200.7,6.9,2151560,31.0,7,"streams:6,transcripts:3,recaps:2"
BJDX,2024-11-05,236.5,87.7,3925851,27.399999618530273,4,"recaps:3,streams:2,transcripts:1"
FGL,2024-11-11,167.2,0.3,18385,179.0,4,"recaps:13,transcripts:10,summaries:2"
BTCT,2024-11-12,316.7,316.7,128436900,10.5,2,summaries:8
SMX,2024-12-04,297.9,105.1,8148,40581.74609375,7,"transcripts:7,summaries:4,streams:3"
TNMG,2024-12-06,386.9,58.7,7120,340.0,2,recaps:2
RADX,2024-12-06,221.6,7.0,158400,18.899999618530273,2,recaps:4
WKEY,2024-12-13,153.9,139.0,75525500,7.840000152587891,2,streams:3
DFNS,2024-12-18,301.0,327.5,54523400,50.790000915527344,6,recaps:40
VNCE,2024-12-18,66.9,69.6,1549800,2.680000066757202,2,"transcripts:8,summaries:2"
PRFX,2024-12-19,264.7,414.3,19080120,55.79999923706055,3,"transcripts:5,summaries:4"
EDBL,2024-12-20,228.9,64.1,31496,2677.5,5,"transcripts:7,recaps:6,summaries:2"
NXTS,2025-01-02,281.4,331.5,2465716,262.1499938964844,4,"recaps:10,transcripts:1"
EHGO,2025-01-13,286.8,-61.8,421181,20.0,4,recaps:13
ERNA,2025-01-14,123.3,48.4,1536008,172.5,4,"recaps:9,streams:1"
NNBR,2025-01-14,90.6,12.1,25843600,2.690000057220459,2,recaps:2
DWTX,2025-01-27,131.7,52.6,15118900,17.399999618530273,3,"summaries:2,transcripts:1"
GCTK,2025-02-04,187.8,-28.9,797875,48.599998474121094,2,transcripts:3
MLGO,2025-02-21,341.9,453.0,17717850,190.8000030517578,6,"transcripts:6,summaries:6"
VIVS,2025-02-25,94.7,243.2,32191325,15.239999771118164,3,recaps:4
WAFU,2025-02-25,210.8,59.2,125457200,2.8499999046325684,3,"streams:15,summaries:1"
DH,2025-02-28,53.1,-34.3,7275900,3.2300000190734863,7,"transcripts:6,summaries:2"
EU,2025-03-03,95.2,-46.4,21491900,1.350000023841858,2,"streams:2,transcripts:1"
WHLR,2025-03-04,205.4,-32.1,1415,18900.0,3,"summaries:3,streams:1,transcripts:1"
RGC,2025-03-13,242.2,235.5,886490600,0.3707889914512634,2,"transcripts:1,summaries:1"
APVO,2025-04-02,262.8,38.3,76283,496.79998779296875,4,"streams:16,transcripts:4,summaries:1"
AREB,2025-04-04,286.1,392.4,2080,780000.0,2,streams:9
KIDZ,2025-04-07,235.6,,381,1960.0,2,recaps:5
UVXY,2025-04-09,74.2,-31.6,5712900,163.0500030517578,3,streams:4
LOVE,2025-04-09,32.4,27.7,1902100,15.930000305175781,3,"summaries:2,transcripts:1"
XXII,2025-04-09,174.2,1.9,3483,7383.0,2,streams:2
UVIX,2025-04-09,129.3,-43.8,507495,1038.300048828125,2,"summaries:3,transcripts:2"
CLIK,2025-04-16,365.5,-74.2,755857,20.549999237060547,2,"transcripts:1,summaries:1"
NG,2025-04-22,38.5,39.9,25070400,4.349999904632568,2,streams:2
KUST,2025-05-07,300.0,-91.7,139230,75.0,2,"transcripts:2,summaries:1"
VEEE,2025-05-08,317.0,192.2,2270159,275.6499938964844,3,recaps:8
ZKIN,2025-05-08,110.4,123.0,90563000,2.5199999809265137,2,"streams:1,transcripts:1"
TAOP,2025-05-12,252.6,87.5,19499807,9.0,2,streams:10
HIT,2025-05-14,90.9,-20.1,7609700,0.7149999737739563,3,"summaries:3,transcripts:1"
LVWR,2025-05-27,154.9,153.5,82033400,2.559999942779541,2,recaps:4
SBET,2025-05-29,219.7,171.6,20324600,79.20999908447266,4,"summaries:10,transcripts:3"
INM,2025-06-02,138.2,37.3,74520200,3.4200000762939453,3,"transcripts:2,recaps:1,summaries:1"
SCNI,2025-06-05,137.7,29.0,2051468,32.5,2,summaries:12
SKYQ,2025-06-16,165.0,16.7,6664613,7.039999961853027,3,recaps:3
PCSA,2025-06-17,292.5,15.6,23019840,6.5,3,"summaries:12,transcripts:1"
ICU,2025-06-20,167.5,-63.8,2190370,3.5299999713897705,2,"streams:8,transcripts:1"
CYN,2025-06-26,266.6,171.5,140839300,13.600000381469727,6,"summaries:24,transcripts:14,streams:4"
BGL,2025-07-02,130.9,84.9,439800,133.0,3,"summaries:3,transcripts:2"
CV,2025-07-02,63.9,,3784400,3.5,2,"streams:1,transcripts:1"
BMNR,2025-07-03,192.7,130.8,37559900,135.0,2,"summaries:5,transcripts:2"
IBG,2025-07-14,156.4,74.6,3327940,25.75,2,"transcripts:7,summaries:5"
CD,2025-07-21,342.0,-57.4,5911800,2.200000047683716,6,"transcripts:5,streams:1"
CWD,2025-08-05,218.3,28.4,91937900,3.369999885559082,6,"recaps:3,transcripts:2,streams:1,summaries:1"
MDRX,2025-08-21,66.7,-1.0,46600,4.849999904632568,2,"transcripts:1,summaries:1"
PL,2025-09-08,33.2,47.9,64238900,9.65999984741211,5,"transcripts:4,streams:2"
ISPC,2025-09-09,367.6,159.7,3282948,77.5999984741211,2,streams:18
LGCL,2025-09-10,218.7,-67.9,839853,6.679999828338623,2,recaps:2
HUDI,2025-09-10,309.6,35.3,46881600,1.7999999523162842,2,streams:7
CDLX,2025-09-18,122.5,92.7,12548150,27.549999237060547,2,"streams:3,recaps:1"
MSS,2025-09-29,260.0,17.3,1869048,56.0,3,"summaries:12,transcripts:6,recaps:2"
WHLM,2025-09-30,64.8,8.7,600,2.5,2,streams:10
QNRX,2025-10-10,257.0,151.2,13968800,20.5,3,"streams:3,summaries:2"
IVF,2025-10-16,193.1,85.7,5575328,56.0,3,"transcripts:3,summaries:2"
CODX,2025-10-27,165.9,259.0,37193430,37.79999923706055,2,"recaps:2,transcripts:1"
CRKN,2025-10-29,350.5,247.8,9834,0.03999999910593033,2,summaries:2
MIMI,2025-11-04,380.8,-59.0,722770,17.700000762939453,4,"transcripts:4,recaps:3,summaries:1"
DRCT,2025-11-13,117.6,43.9,427431,62.70000076293945,4,"summaries:4,streams:2,transcripts:1"
AVXL,2025-11-14,44.8,-35.9,22984300,3.6449999809265137,2,"streams:2,summaries:1"
TPST,2025-11-19,105.5,-48.6,957600,4.75,2,summaries:16
KTTA,2025-11-26,164.3,117.2,159523500,1.059999942779541,2,streams:22
TWG,2025-12-08,205.8,266.2,24251500,22.010000228881836,2,"transcripts:4,summaries:4"
OCG,2025-12-09,339.2,292.0,81326,6778.2001953125,2,"recaps:3,streams:1"
AMCI,2025-12-15,154.0,168.3,103787400,7.269999980926514,2,"transcripts:3,summaries:3"
EDHL,2026-01-09,214.8,-26.7,360088,4.0,5,"recaps:17,transcripts:12,summaries:3,streams:2"
YIBO,2026-01-14,152.1,38.0,11939800,1.090000033378601,2,summaries:5
CJMB,2026-01-15,121.3,275.0,195893800,4.199999809265137,3,recaps:15
ILLR,2026-01-26,300.0,200.0,62570,0.8999999761581421,2,recaps:4
TGHL,2026-01-29,145.1,61.0,24191200,0.6600000262260437,2,recaps:13
INLF,2026-01-30,300.0,285.9,8442,4544.0,3,recaps:18
NPT,2026-02-03,141.6,26.3,35997500,7.199999809265137,2,recaps:5
ZCMD,2026-02-04,245.2,-2.1,112844,281.97601318359375,6,recaps:22
JFB,2026-02-17,166.7,-43.1,1927000,8.5,3,"summaries:2,recaps:1,transcripts:1"
CAST,2026-03-10,352.1,,540000,9.130000114440918,5,"recaps:5,streams:4"
AP,2026-03-17,44.4,-20.6,1704300,6.630000114440918,4,"transcripts:3,streams:2"
EEIQ,2026-03-26,181.0,209.2,112647000,8.4399995803833,4,streams:16
ARTL,2026-03-27,167.2,230.4,82507200,10.539999961853027,3,"transcripts:4,summaries:4"
SLND,2026-03-30,60.7,47.5,1817900,1.7999999523162842,2,recaps:6
INHD,2026-04-08,396.3,-27.6,11025980,5.599999904632568,3,recaps:8
ATXI,2026-04-14,198.6,14.2,2539,0.5099999904632568,2,streams:10
ANL,2026-04-15,115.0,-15.5,1112500,13.25,2,"transcripts:1,summaries:1"
WLDS,2026-04-20,194.5,-13.9,48058567,3.9000000953674316,5,"recaps:4,transcripts:3,streams:1"
LIPO,2026-04-22,263.7,-59.4,36368,0.0203000009059906,4,"summaries:14,transcripts:8"
BBBY,2026-04-28,65.9,-11.2,43075200,4.739999771118164,2,streams:15
MX,2026-04-29,44.2,-31.8,5096600,3.319999933242798,5,"transcripts:3,streams:2,summaries:1"
SAGT,2026-04-29,59.9,27.6,107208600,2.1700000762939453,2,recaps:7
UK,2026-05-05,129.6,-16.4,601000,3.319999933242798,2,"streams:2,transcripts:1"
NYC,2026-05-12,95.1,-4.2,313800,8.050000190734863,4,"transcripts:2,summaries:2"
WOK,2026-05-12,294.1,69.9,809646,666.0,2,recaps:3
BPTH,2026-05-14,300.0,0.0,56500,0.029999999329447746,3,transcripts:10
VRAX,2026-05-18,137.3,52.6,30606768,5.875,3,"summaries:9,streams:2"
AMSS,2026-05-20,61.9,,80400,11.350000381469727,2,recaps:2
ASTC,2026-05-27,220.1,459.1,146342600,13.8100004196167,4,"recaps:4,streams:1"
CDT,2026-05-29,209.8,9.5,46121100,1.0399999618530273,3,"transcripts:6,summaries:5"
NXTC,2026-06-01,145.9,-45.5,922500,3.380000114440918,2,recaps:9
HKIT,2026-06-02,195.2,-90.6,964892,15.5,2,recaps:3
VERU,2026-06-04,247.4,88.0,92865600,4.230000019073486,2,streams:6
TDIC,2026-06-08,260.0,123.7,22877648,12.524999618530273,5,recaps:13
CCTG,2026-06-09,276.0,271.6,119339800,1.7799999713897705,4,"recaps:5,transcripts:1"
AZI,2026-06-09,316.7,63.7,190648400,1.850000023841858,2,"recaps:1,transcripts:1"
DSY,2026-06-10,211.4,291.3,113587700,7.199999809265137,6,"recaps:15,transcripts:2"
CUPR,2026-06-12,156.4,64.7,83262200,3.9700000286102295,3,"recaps:5,streams:4"
PAVS,2026-06-15,205.9,-8.7,6713637,19.0,3,recaps:7
GDC,2026-06-16,359.1,-73.3,3201829,7.0,5,"transcripts:13,streams:11,summaries:3"
ICCM,2026-06-17,165.0,200.5,152922500,6.400000095367432,4,recaps:14
CLWT,2026-06-17,74.0,30.8,78755100,1.5700000524520874,2,recaps:5
PLSM,2026-06-24,109.9,93.3,58325600,6.590000152587891,7,"recaps:19,summaries:5,transcripts:4"
FRTT,2026-06-24,250.0,-28.2,78866300,1.2699999809265137,4,"recaps:9,transcripts:6,summaries:2"
RAM,2026-06-24,51.8,,14248800,23.790000915527344,3,"transcripts:2,summaries:2,recaps:1"
ROC,2026-06-25,38.2,14.8,202000,5.210000038146973,3,"recaps:2,transcripts:1"
CELZ,2026-06-30,244.5,79.0,188686100,1.4500000476837158,3,"streams:6,recaps:3,summaries:1"
SVRE,2026-06-30,192.1,-2.9,27354900,2.640000104904175,2,recaps:8
ADTX,2026-06-30,200.0,200.0,204136200,0.006000000052154064,2,"summaries:3,streams:1"
JEM,2026-07-01,299.6,-19.1,6465533,38.52000045776367,3,recaps:7
CLRO,2026-07-02,208.3,101.2,87174400,6.480000019073486,7,"recaps:14,streams:1"
LGHL,2026-07-14,176.5,10.7,33435900,2.4200000762939453,3,"recaps:6,streams:2"
BIYA,2026-07-20,239.9,-15.2,75620900,3.509999990463257,6,recaps:15
OMH,2026-07-21,393.9,222.4,304781400,0.8059999942779541,6,"transcripts:6,recaps:5,streams:3,summaries:2"
VIVK,2026-07-21,286.7,49.1,141350600,2.5799999237060547,2,recaps:7
LABT,2026-07-22,128.3,83.3,79569700,3.4100000858306885,2,recaps:3
ADVB,2026-07-22,131.8,73.0,29586600,12.25,2,recaps:4
SXTC,2026-07-24,400.0,-80.8,324050300,0.06400000303983688,2,summaries:2
SK,2026-07-27,34.2,-14.9,758300,19.520000457763672,3,transcripts:3
GV,2026-08-03,84.6,-20.0,204700,0.03200000151991844,3,"streams:2,transcripts:1,summaries:1"
AMIX,2026-08-04,371.0,434.2,120033100,19.5,3,"recaps:12,streams:6"
ZYBT,2026-08-05,240.5,84.4,71604500,2.359999895095825,3,recaps:22
SUGP,2026-08-21,278.6,-42.3,39657361,1.600000023841858,3,recaps:4
